link,Tipe,title,category,address,open_hours,popular_times,website,phone,Column1,plus_code,review_count,review_rating,reviews_per_rating,latitude,longitude
https://www.google.com/maps/place/Teritori+-+Desain+Grafis+-+Website+-+Sablon+kaos+%26+Merchandise/data=!4m7!3m6!1s0x2e7a1190d617c0e9:0x97e40b092c81de60!8m2!3d-7.5207606!4d110.8238513!16s%2Fg%2F11rrnhqsp9!19sChIJ6cAX1pARei4RYN6BLAkL5Jc?authuser=0&hl=en&rclk=1,Desain Grafis,Teritori - Desain Grafis - Website - Sablon kaos & Merchandise,Web hosting company,"Perum Permata Wonorejo Safir No.112, Jetak, Wonorejo, Kec. Gondangrejo, Kabupaten Karanganyar, Jawa Tengah 57188",{},{},,0858-6777-1222,,,0,0.000000,"{""1"":0,""2"":0,""3"":0,""4"":0,""5"":0}",-7.520761,110.823851
https://www.google.com/maps/place/LKP+Bintang+Ilmu/data=!4m7!3m6!1s0x2e7a1883ea9c208d:0xd5d1f6da2de6d5db!8m2!3d-7.593637!4d110.957195!16s%2Fg%2F1hm2qpg31!19sChIJjSCc6oMYei4R29XmLdr20dU?authuser=0&hl=en&rclk=1,Desain Grafis,LKP Bintang Ilmu,Educational institution,"Jl. Tentara Pelajar No.9 beji, Tegalasri, Bejen, Kec. Karanganyar, Kabupaten Karanganyar, Jawa Tengah 57716",{},{},https://lpkbintangilmu.wordpress.com/,0812-2626-9927,,"CX44+GV Bejen, Karanganyar Regency, Central Java",4,4.500000,"{""1"":0,""2"":0,""3"":1,""4"":0,""5"":3}",-7.593637,110.957195
https://www.google.com/maps/place/Phoenix+Jasa+Desain/data=!4m7!3m6!1s0x2e7a198e3cdb7587:0x3fe24badcf3816a8!8m2!3d-7.5833605!4d110.9602019!16s%2Fg%2F11s8zcfwpz!19sChIJh3XbPI4Zei4RqBY4z61L4j8?authuser=0&hl=en&rclk=1,Desain Grafis,Phoenix Jasa Desain,Graphic designer,"Perum BSB 2, Jl. Janoko III No.19 Blok H, Gaum, Kabupaten Karanganyar, Jawa Tengah 57722","{""Friday"":[""8.00 am–9.00 pm""],""Monday"":[""8.00 am–9.00 pm""],""Saturday"":[""8.00 am–9.00 pm""],""Sunday"":[""8.00 am–9.00 pm""],""Thursday"":[""8.00 am–9.00 pm""],""Tuesday"":[""8.00 am–9.00 pm""],""Wednesday"":[""8.00 am–9.00 pm""]}",{},,0857-1357-7573,,"CX86+M3 Gaum, Karanganyar Regency, Central Java",40,5.000000,"{""1"":0,""2"":0,""3"":0,""4"":0,""5"":40}",-7.583360,110.960202
https://www.google.com/maps/place/Y%26B+GRAFIS+%26+VECTOR/data=!4m7!3m6!1s0x2e7a114a596f3aaf:0xc5f547bffff88ecf!8m2!3d-7.5239581!4d110.8297195!16s%2Fg%2F11c61sy6jd!19sChIJrzpvWUoRei4Rz474_79H9cU?authuser=0&hl=en&rclk=1,Desain Grafis,Y&B GRAFIS & VECTOR,Graphic designer,"Jl. Rambutan 2 perum No.39, Watuburik, Wonorejo, indah, Kabupaten Karanganyar, Jawa Tengah 57188","{""Friday"":[""9.00 am–9.00 pm""],""Monday"":[""9.00 am–9.00 pm""],""Saturday"":[""9.00 am–12.00 pm""],""Sunday"":[""Closed""],""Thursday"":[""9.00 am–9.00 pm""],""Tuesday"":[""9.00 am–9.00 pm""],""Wednesday"":[""9.00 am–9.00 pm""]}",{},,0852-9060-9004,,"FRGH+CV Wonorejo, Karanganyar Regency, Central Java",24,4.800000,"{""1"":1,""2"":0,""3"":0,""4"":2,""5"":21}",-7.523958,110.829719
https://www.google.com/maps/place/SWN+CREATIVE/data=!4m7!3m6!1s0x2e7a19863f9b11dd:0x6f68480a96fd57e!8m2!3d-7.6020015!4d110.9502629!16s%2Fg%2F11hyv307rf!19sChIJ3RGbP4YZei4RftVvqYCE9gY?authuser=0&hl=en&rclk=1,Desain Grafis,SWN CREATIVE,Graphic designer,"9XX2+54R SWN CREATIVE, Karanganyar, Kec. Karanganyar, Kabupaten Karanganyar, Jawa Tengah 57714","{""Friday"":[""9.00 am–5.00 pm""],""Monday"":[""9.00 am–5.00 pm""],""Saturday"":[""9.00 am–5.00 pm""],""Sunday"":[""Closed""],""Thursday"":[""9.00 am–5.00 pm""],""Tuesday"":[""9.00 am–5.00 pm""],""Wednesday"":[""9.00 am–5.00 pm""]}",{},https://www.instagram.com/swncreative/?hl=id,0821-3374-3804,,,18,4.900000,"{""1"":0,""2"":0,""3"":0,""4"":1,""5"":17}",-7.602002,110.950263
https://www.google.com/maps/place/Desain+Grafis+Incorporation/data=!4m7!3m6!1s0x2e7a23216d106445:0xcb70c2b71d1ee487!8m2!3d-7.6091902!4d110.9530194!16s%2Fg%2F11s8lfn7_r!19sChIJRWQQbSEjei4Rh-QeHbfCcMs?authuser=0&hl=en&rclk=1,Desain Grafis,Desain Grafis Incorporation,Design agency,"Banaran, Jantiharjo, Kec. Karanganyar, Kabupaten Karanganyar, Jawa Tengah","{""Friday"":[""Open 24 hours""],""Monday"":[""Open 24 hours""],""Saturday"":[""Open 24 hours""],""Sunday"":[""Open 24 hours""],""Thursday"":[""Open 24 hours""],""Tuesday"":[""Open 24 hours""],""Wednesday"":[""Open 24 hours""]}","{""Friday"":{""0"":33,""1"":33,""10"":55,""11"":61,""12"":83,""13"":83,""14"":100,""15"":88,""16"":72,""17"":44,""18"":38,""19"":44,""2"":33,""20"":55,""21"":44,""22"":44,""23"":33,""3"":38,""4"":38,""5"":55,""6"":55,""7"":50,""8"":38,""9"":44},""Monday"":{""0"":22,""1"":16,""10"":44,""11"":33,""12"":27,""13"":33,""14"":22,""15"":16,""16"":16,""17"":16,""18"":22,""19"":22,""2"":22,""20"":33,""21"":38,""22"":44,""23"":38,""3"":27,""4"":27,""5"":33,""6"":33,""7"":55,""8"":66,""9"":72},""Saturday"":{""0"":50,""1"":27,""10"":33,""11"":33,""12"":38,""13"":22,""14"":22,""15"":27,""16"":44,""17"":44,""18"":55,""19"":44,""2"":22,""20"":55,""21"":55,""22"":66,""23"":61,""3"":27,""4"":27,""5"":16,""6"":11,""7"":5,""8"":16,""9"":27},""Sunday"":{""0"":27,""1"":50,""10"":44,""11"":38,""12"":27,""13"":16,""14"":11,""15"":5,""16"":11,""17"":22,""18"":44,""19"":72,""2"":77,""20"":88,""21"":94,""22"":66,""23"":38,""3"":88,""4"":61,""5"":44,""6"":33,""7"":50,""8"":55,""9"":66},""Thursday"":{""0"":38,""1"":38,""10"":44,""11"":44,""12"":33,""13"":27,""14"":38,""15"":33,""16"":22,""17"":11,""18"":5,""19"":5,""2"":33,""20"":5,""21"":11,""22"":16,""23"":27,""3"":44,""4"":61,""5"":66,""6"":50,""7"":27,""8"":33,""9"":38},""Tuesday"":{""0"":16,""1"":33,""10"":27,""11"":38,""12"":33,""13"":27,""14"":27,""15"":44,""16"":66,""17"":77,""18"":50,""19"":33,""2"":22,""20"":22,""21"":33,""22"":22,""23"":16,""3"":38,""4"":44,""5"":50,""6"":33,""7"":33,""8"":27,""9"":27},""Wednesday"":{""0"":44,""1"":50,""10"":44,""11"":27,""12"":22,""13"":33,""14"":44,""15"":77,""16"":61,""17"":77,""18"":61,""19"":44,""2"":44,""20"":16,""21"":11,""22"":22,""23"":50,""3"":50,""4"":33,""5"":27,""6"":22,""7"":27,""8"":38,""9"":55}}",https://www.instagram.com/desaingrafis.inc/,0858-2637-7499,,"9XR3+86 Jantiharjo, Karanganyar Regency, Central Java",0,0.000000,"{""1"":0,""2"":0,""3"":0,""4"":0,""5"":0}",-7.609190,110.953019
"https://www.google.com/maps/place/Artha+Creative+,+Desain+Grafis+Dan+Percetakan+Digital+Kabupaten+Sukoharjo/data=!4m7!3m6!1s0x2e7a173197f34095:0xf659f3e9f7a79071!8m2!3d-7.6097382!4d110.9036211!16s%2Fg%2F11gtddxlxm!19sChIJlUDzlzEXei4RcZCn9-nzWfY?authuser=0&hl=en&rclk=1",Desain Grafis,"Artha Creative , Desain Grafis Dan Percetakan Digital Kabupaten Sukoharjo",Store,"Sumuran Wetan, RT.03/RW.05, Dk. Sumuran Wetan, Kragilan, Kec. Mojolaban, Kabupaten Sukoharjo, Jawa Tengah 57554","{""Friday"":[""8.00 am–4.00 pm""],""Monday"":[""8.00 am–4.00 pm""],""Saturday"":[""Closed""],""Sunday"":[""Closed""],""Thursday"":[""8.00 am–4.00 pm""],""Tuesday"":[""8.00 am–4.00 pm""],""Wednesday"":[""8.00 am–4.00 pm""]}",{},,0899-5301-696,,"9WR3+4C Kragilan, Sukoharjo Regency, Central Java",15,4.900000,"{""1"":0,""2"":0,""3"":0,""4"":2,""5"":13}",-7.609738,110.903621
https://www.google.com/maps/place/S15+Reka+Media/data=!4m7!3m6!1s0x2e7a195e5a493447:0x55ecea856d5b719e!8m2!3d-7.6001934!4d110.9499553!16s%2Fg%2F11nnsgzcnw!19sChIJRzRJWl4Zei4RnnFbbYXq7FU?authuser=0&hl=en&rclk=1,Desain Grafis,S15 Reka Media,Digital printing service,"Jl. Mayjen Yudomo SHD No.15, Karanganyar, Karangrejo, Karanganyar, Karanganyar Regency, Central Java 57711","{""Friday"":[""9.00 am–5.00 pm""],""Monday"":[""9.00 am–5.00 pm""],""Saturday"":[""9.00 am–5.00 pm""],""Sunday"":[""Closed""],""Thursday"":[""9.00 am–5.00 pm""],""Tuesday"":[""9.00 am–5.00 pm""],""Wednesday"":[""9.00 am–5.00 pm""]}",{},https://www.instagram.com/s15rekamedia/,0817-9417-881,,"9WXX+WX Karanganyar, Karanganyar Regency, Central Java",30,4.900000,"{""1"":0,""2"":0,""3"":0,""4"":2,""5"":28}",-7.600193,110.949955
https://www.google.com/maps/place/Arikreg+Design+Studio/data=!4m7!3m6!1s0x2e7a170e2ead95d3:0x5ba4a546fbfc927b!8m2!3d-7.5565411!4d110.8707776!16s%2Fg%2F11g8w8b86y!19sChIJ05WtLg4Xei4Re5L8-0alpFs?authuser=0&hl=en&rclk=1,Desain Grafis,Arikreg Design Studio,Graphic designer,"Jl. Manggis 10 Perumnas No.178, Benowo, Ngringo, Jaten, Karanganyar Regency, Central Java 57731","{""Friday"":[""8.00 am–4.00 pm""],""Monday"":[""8.00 am–4.00 pm""],""Saturday"":[""8.00 am–4.00 pm""],""Sunday"":[""Closed""],""Thursday"":[""8.00 am–4.00 pm""],""Tuesday"":[""8.00 am–4.00 pm""],""Wednesday"":[""8.00 am–4.00 pm""]}",{},,0878-7529-5587,,"CVVC+98 Ngringo, Karanganyar Regency, Central Java",8,4.800000,"{""1"":0,""2"":0,""3"":1,""4"":0,""5"":7}",-7.556541,110.870778
https://www.google.com/maps/place/Noer+Desain+Grafis+%26+Cetak/data=!4m7!3m6!1s0x2e7a11416ad578ab:0xbd33b80e4ce54cbf!8m2!3d-7.5101485!4d110.8269806!16s%2Fg%2F11crzdywwq!19sChIJq3jVakERei4Rv0zlTA64M70?authuser=0&hl=en&rclk=1,Desain Grafis,Noer Desain Grafis & Cetak,Invitation printing service,"FRQG+WQX Noer Desain Grafis & Cetak, Pretek, Jatikuwung, Kec. Gondangrejo, Kabupaten Karanganyar, Jawa Tengah 57188","{""Friday"":[""8.00 am–7.00 pm""],""Monday"":[""8.00 am–7.00 pm""],""Saturday"":[""8.00 am–7.00 pm""],""Sunday"":[""Closed""],""Thursday"":[""8.00 am–7.00 pm""],""Tuesday"":[""8.00 am–7.00 pm""],""Wednesday"":[""8.00 am–7.00 pm""]}",{},,0857-4750-6025,,,3,4.700000,"{""1"":0,""2"":0,""3"":0,""4"":1,""5"":2}",-7.510148,110.826981
"https://www.google.com/maps/place/Indius+Company+%28Desain+Grafis,+Sablon,+Percetakan,+Advertising%29/data=!4m7!3m6!1s0x2e7a19656f53261b:0xd97c356c618444b9!8m2!3d-7.5923017!4d110.9466281!16s%2Fg%2F11jp_kpl9c!19sChIJGyZTb2UZei4RuUSEYWw1fNk?authuser=0&hl=en&rclk=1",Desain Grafis,"Indius Company (Desain Grafis, Sablon, Percetakan, Advertising)",Custom t-shirt store,"RT.2/RW.2, Cangakan Timur, Cangakan, Kec. Karanganyar, Kabupaten Karanganyar, Jawa Tengah 57712","{""Friday"":[""7.00–11.00 am""],""Monday"":[""9.00 am–4.00 pm""],""Saturday"":[""9.00 am–1.00 pm""],""Sunday"":[""Closed""],""Thursday"":[""9.00 am–4.00 pm""],""Tuesday"":[""9.00 am–4.00 pm""],""Wednesday"":[""9.00 am–4.00 pm""]}",{},,0856-4209-2123,,"CW5W+3M Cangakan, Karanganyar Regency, Central Java",11,5.000000,"{""1"":0,""2"":0,""3"":0,""4"":0,""5"":11}",-7.592302,110.946628
https://www.google.com/maps/place/Happyman+Design+Studio/data=!4m7!3m6!1s0x2e7a172137ae4edf:0xb58b90cb1cdf617c!8m2!3d-7.5072885!4d110.8329845!16s%2Fg%2F11h5_936qk!19sChIJ306uNyEXei4RfGHfHMuQi7U?authuser=0&hl=en&rclk=1,Desain Grafis,Happyman Design Studio,Graphic designer,"Gamersi residence 1 No.G18, Winong, Jatikuwung, Kec. Gondangrejo, Kabupaten Karanganyar, Jawa Tengah 57188","{""Friday"":[""9.00 am–5.00 pm""],""Monday"":[""9.00 am–5.00 pm""],""Saturday"":[""Closed""],""Sunday"":[""Closed""],""Thursday"":[""9.00 am–5.00 pm""],""Tuesday"":[""9.00 am–5.00 pm""],""Wednesday"":[""9.00 am–5.00 pm""]}",{},,0857-0038-8883,,"FRVM+35 Jatikuwung, Karanganyar Regency, Central Java",5,5.000000,"{""1"":0,""2"":0,""3"":0,""4"":0,""5"":5}",-7.507288,110.832984
https://www.google.com/maps/place/Imajineri+Studio+Desain/data=!4m7!3m6!1s0x2e7a17eb24cbaf3f:0x765d1b74f9cd9e59!8m2!3d-7.5764774!4d110.9016174!16s%2Fg%2F11k3_2c4cz!19sChIJP6_LJOsXei4RWZ7N-XQbXXY?authuser=0&hl=en&rclk=1,Desain Grafis,Imajineri Studio Desain,Graphic designer,"Jl. Murai, Dusun IV, Jaten, Kec. Jaten, Kabupaten Karanganyar, Jawa Tengah 57472","{""Friday"":[""Open 24 hours""],""Monday"":[""Open 24 hours""],""Saturday"":[""Open 24 hours""],""Sunday"":[""Open 24 hours""],""Thursday"":[""Open 24 hours""],""Tuesday"":[""Open 24 hours""],""Wednesday"":[""Open 24 hours""]}",{},,0857-4053-7732,,"CWF2+CJ Jaten, Karanganyar Regency, Central Java",1,5.000000,"{""1"":0,""2"":0,""3"":0,""4"":0,""5"":1}",-7.576477,110.901617
https://www.google.com/maps/place/Coral+Studio+Digital+Printing/data=!4m7!3m6!1s0x2e7a191cb73075ff:0xb5d6c019e9ccefb9!8m2!3d-7.5915476!4d110.9334181!16s%2Fg%2F11h2d4jm58!19sChIJ_3UwtxwZei4Rue_M6RnA1rU?authuser=0&hl=en&rclk=1,Desain Grafis,Coral Studio Digital Printing,Print shop,"Jl. Lawu No.186, Kodokan, Papahan, Tasikmadu, Karanganyar Regency, Central Java 57722","{""Friday"":[""9.00 am–5.00 pm""],""Monday"":[""9.00 am–5.00 pm""],""Saturday"":[""9.00 am–5.00 pm""],""Sunday"":[""Closed""],""Thursday"":[""9.00 am–5.00 pm""],""Tuesday"":[""9.00 am–5.00 pm""],""Wednesday"":[""9.00 am–5.00 pm""]}",{},https://www.instagram.com/coralstudio_dp,0857-6158-6762,,"CW5M+99 Papahan, Karanganyar Regency, Central Java",37,4.700000,"{""1"":2,""2"":0,""3"":0,""4"":2,""5"":33}",-7.591548,110.933418
https://www.google.com/maps/place/Studio+Falaha/data=!4m7!3m6!1s0x2e7a1900285fefa7:0x288749818e170e99!8m2!3d-7.6027915!4d110.9275174!16s%2Fg%2F11vm83z1q5!19sChIJp-9fKAAZei4RmQ4XjoFJhyg?authuser=0&hl=en&rclk=1,Desain Grafis,Studio Falaha,Design agency,"Banaran, Jati, Kec. Jaten, Kabupaten Karanganyar, Jawa Tengah 57731","{""Friday"":[""9.00 am–5.00 pm""],""Monday"":[""9.00 am–5.00 pm""],""Saturday"":[""9.00 am–5.00 pm""],""Sunday"":[""9.00 am–5.00 pm""],""Thursday"":[""9.00 am–5.00 pm""],""Tuesday"":[""9.00 am–5.00 pm""],""Wednesday"":[""9.00 am–5.00 pm""]}",{},https://www.instagram.com/studiofalaha,0851-7513-9520,,"9WWH+V2 Jati, Karanganyar Regency, Central Java",2,5.000000,"{""1"":0,""2"":0,""3"":0,""4"":0,""5"":2}",-7.602791,110.927517
https://www.google.com/maps/place/Zevandra+Studio/data=!4m7!3m6!1s0x2e7a237f1bce5323:0xeb6961f0d81adac4!8m2!3d-7.6295294!4d110.9526543!16s%2Fg%2F11yh17k00d!19sChIJI1POG38jei4RxNoa2PBhaes?authuser=0&hl=en&rclk=1,Desain Grafis,Zevandra Studio,Graphic designer,"RT.03/RW.01, Soko, Sukosari, Jumantono, Karanganyar Regency, Central Java 57782","{""Friday"":[""8.00 am–9.00 pm""],""Monday"":[""8.00 am–9.00 pm""],""Saturday"":[""Closed""],""Sunday"":[""Closed""],""Thursday"":[""8.00 am–9.00 pm""],""Tuesday"":[""8.00 am–9.00 pm""],""Wednesday"":[""8.00 am–9.00 pm""]}",{},http://zevandrastudio.carrd.com/,0878-7570-2116,,"9XC3+53 Sukosari, Karanganyar Regency, Central Java",1,5.000000,"{""1"":0,""2"":0,""3"":0,""4"":0,""5"":1}",-7.629529,110.952654
https://www.google.com/maps/place/Begen+Studio+Desain+Mutiara/data=!4m7!3m6!1s0x2e7a22755047065f:0x2df4a99141149a19!8m2!3d-7.6016193!4d110.9725481!16s%2Fg%2F11g03k50w6!19sChIJXwZHUHUiei4RGZoUQZGp9C0?authuser=0&hl=en&rclk=1,Desain Grafis,Begen Studio Desain Mutiara,Computer software store,"Jl. Merpati, RT.IV RT/RW.02/11, Jl. Lkr. Luar Bejen, Bejen, Kec. Karanganyar, Kabupaten Karanganyar, Jawa Tengah 57716","{""Friday"":[""8.00 am–4.00 pm""],""Monday"":[""8.00 am–4.00 pm""],""Saturday"":[""8.00 am–4.00 pm""],""Sunday"":[""8.00 am–4.00 pm""],""Thursday"":[""8.00 am–4.00 pm""],""Tuesday"":[""8.00 am–4.00 pm""],""Wednesday"":[""8.00 am–4.00 pm""]}",{},,0838-6594-8999,,"9XXF+92 Bejen, Karanganyar Regency, Central Java",2,4.500000,"{""1"":0,""2"":0,""3"":0,""4"":1,""5"":1}",-7.601619,110.972548
https://www.google.com/maps/place/Wide%27Graph+Desain+Grafis/data=!4m7!3m6!1s0x2e7a1547a06216b9:0x64687df92a52bbcd!8m2!3d-7.5329662!4d110.7606512!16s%2Fg%2F11np0_bmp1!19sChIJuRZioEcVei4RzbtSKvl9aGQ?authuser=0&hl=en&rclk=1,Desain Grafis,Wide'Graph Desain Grafis,Association / Organization,"Jl. Adi Sumarmo No.149, Krobyongan, Gawanan, Kec. Colomadu, Kabupaten Karanganyar, Jawa Tengah 57175","{""Friday"":[""9.00 am–10.00 pm""],""Monday"":[""9.00 am–10.00 pm""],""Saturday"":[""9.00 am–10.00 pm""],""Sunday"":[""Closed""],""Thursday"":[""9.00 am–10.00 pm""],""Tuesday"":[""9.00 am–10.00 pm""],""Wednesday"":[""9.00 am–10.00 pm""]}",{},,0857-2565-9624,,"FQ86+R7 Gawanan, Karanganyar Regency, Central Java",0,0.000000,"{""1"":0,""2"":0,""3"":0,""4"":0,""5"":0}",-7.532966,110.760651
https://www.google.com/maps/place/MD+Digital+Printing/data=!4m7!3m6!1s0x2e7a1880ecd58fd3:0x8916d9b4039ab024!8m2!3d-7.5991899!4d110.952169!16s%2Fg%2F11b73v64ly!19sChIJ04_V7IAYei4RJLCaA7TZFok?authuser=0&hl=en&rclk=1,Desain Grafis,MD Digital Printing,Print shop,"Jl. Kapten Mulyadi No.1, Karanganyar, Kec. Karanganyar, Kabupaten Karanganyar, Jawa Tengah 57711","{""Friday"":[""8.00 am–5.00 pm""],""Monday"":[""8.00 am–5.00 pm""],""Saturday"":[""8.00 am–5.00 pm""],""Sunday"":[""Closed""],""Thursday"":[""8.00 am–5.00 pm""],""Tuesday"":[""8.00 am–5.00 pm""],""Wednesday"":[""8.00 am–5.00 pm""]}",{},,0812-3467-0929,,"CX22+8V Karanganyar, Karanganyar Regency, Central Java",41,4.500000,"{""1"":1,""2"":1,""3"":2,""4"":9,""5"":28}",-7.599190,110.952169
https://www.google.com/maps/place/SURYA+GRAFIS/data=!4m7!3m6!1s0x2e7a2150b7fddf07:0xb01342431c131a37!8m2!3d-7.6158789!4d111.0470536!16s%2Fg%2F11h4_dszd3!19sChIJB9_9t1Ahei4RNxoTHENCE7A?authuser=0&hl=en&rclk=1,Desain Grafis,SURYA GRAFIS,Corporate office,"Ngemplak, Kec. Karangpandan, Kabupaten Karanganyar, Jawa Tengah 57791","{""Friday"":[""5.00–11.00 pm""],""Monday"":[""5.00–11.00 pm""],""Saturday"":[""5.00–11.00 pm""],""Sunday"":[""8.00 am–11.00 pm""],""Thursday"":[""5.00–11.00 pm""],""Tuesday"":[""5.00–11.00 pm""],""Wednesday"":[""5.00–11.00 pm""]}",{},,0878-3564-2800,,"92MW+JR Ngemplak, Karanganyar Regency, Central Java",2,5.000000,"{""1"":0,""2"":0,""3"":0,""4"":0,""5"":2}",-7.615879,111.047054
https://www.google.com/maps/place/Anggart+Studio+Foto+%26+Video+%7C%7C+Cetak+Foto/data=!4m7!3m6!1s0x2e7a15a4ef40fbed:0xdb372649b92c2877!8m2!3d-7.6079927!4d110.9752876!16s%2Fg%2F11f53qyx58!19sChIJ7ftA76QVei4RdygsuUkmN9s?authuser=0&hl=en&rclk=1,Desain Grafis,Anggart Studio Foto & Video || Cetak Foto,Photographer,"Karanganom, Popongan, Kec. Karanganyar, Kabupaten Karanganyar, Jawa Tengah 57715",{},{},http://www.behance.net/342production,0858-7979-2342,,"9XRG+R4 Popongan, Karanganyar Regency, Central Java",22,4.800000,"{""1"":0,""2"":1,""3"":0,""4"":1,""5"":20}",-7.607993,110.975288
https://www.google.com/maps/place/3leck+Design+%26+Creative+Studio/data=!4m7!3m6!1s0x2e7a228b60202fe1:0x38b6309c5fc8ccae!8m2!3d-7.6220726!4d110.9446997!16s%2Fg%2F11dxdm14_y!19sChIJ4S8gYIsiei4RrszIX5wwtjg?authuser=0&hl=en&rclk=1,Desain Grafis,3leck Design & Creative Studio,Commercial printer,"Tempu, Genengsari, Kec. Polokarto, Kabupaten Sukoharjo, Jawa Tengah 57555","{""Friday"":[""8.00–11.00 am""],""Monday"":[""8.00 am–5.00 pm""],""Saturday"":[""8.30 am–5.00 pm""],""Sunday"":[""8.00 am–5.00 pm""],""Thursday"":[""8.00 am–5.00 pm""],""Tuesday"":[""8.00 am–5.00 pm""],""Wednesday"":[""8.00 am–5.00 pm""]}",{},https://www.instagram.com/3leckDesign,0878-2352-4697,,"9WHV+5V Genengsari, Sukoharjo Regency, Central Java",9,5.000000,"{""1"":0,""2"":0,""3"":0,""4"":0,""5"":9}",-7.622073,110.944700
https://www.google.com/maps/place/VISTAMEDIA/data=!4m7!3m6!1s0x2e7a13b994f36045:0xa3d5a2b76985908c!8m2!3d-7.5314001!4d110.724234!16s%2Fg%2F11h0ykvryw!19sChIJRWDzlLkTei4RjJCFabei1aM?authuser=0&hl=en&rclk=1,Desain Grafis,VISTAMEDIA,Graphic designer,"Unnamed Road, Duwet, Ngasem, Colomadu, Karanganyar Regency, Central Java 57179",{},{},,0822-2650-7718,,"FP9F+CM Ngasem, Karanganyar Regency, Central Java",2,5.000000,"{""1"":0,""2"":0,""3"":0,""4"":0,""5"":2}",-7.531400,110.724234
https://www.google.com/maps/place/ARIEF+MEDIA+GRAFIKART/data=!4m7!3m6!1s0x2e7a18624538055f:0x54a91a978133e107!8m2!3d-7.589349!4d110.9484774!16s%2Fg%2F11bxw82cs2!19sChIJXwU4RWIYei4RB-EzgZcaqVQ?authuser=0&hl=en&rclk=1,Desain Grafis,ARIEF MEDIA GRAFIKART,Stamp shop,"Jl. Mayor Kusmanto, Jengglong, Bejen, Kec. Karanganyar, Kabupaten Karanganyar, Jawa Tengah 57721","{""Friday"":[""8.00 am–5.00 pm""],""Monday"":[""8.00 am–5.00 pm""],""Saturday"":[""8.00 am–5.00 pm""],""Sunday"":[""Closed""],""Thursday"":[""8.00 am–5.00 pm""],""Tuesday"":[""8.00 am–5.00 pm""],""Wednesday"":[""8.00 am–5.00 pm""]}","{""Friday"":{""10"":52,""11"":54,""12"":49,""13"":40,""14"":43,""15"":42,""16"":49,""17"":0,""18"":0,""19"":0,""20"":0,""21"":0,""22"":0,""23"":0,""6"":0,""7"":0,""8"":50,""9"":50},""Monday"":{""10"":54,""11"":56,""12"":59,""13"":61,""14"":75,""15"":80,""16"":75,""17"":0,""18"":0,""19"":0,""20"":0,""21"":0,""22"":0,""23"":0,""6"":0,""7"":0,""8"":57,""9"":50},""Saturday"":{""10"":49,""11"":49,""12"":52,""13"":49,""14"":54,""15"":64,""16"":82,""17"":0,""18"":0,""19"":0,""20"":0,""21"":0,""22"":0,""23"":0,""6"":0,""7"":0,""8"":52,""9"":49},""Sunday"":{},""Thursday"":{""10"":50,""11"":45,""12"":42,""13"":35,""14"":49,""15"":63,""16"":73,""17"":0,""18"":0,""19"":0,""20"":0,""21"":0,""22"":0,""23"":0,""6"":0,""7"":0,""8"":59,""9"":52},""Tuesday"":{""10"":52,""11"":45,""12"":47,""13"":63,""14"":84,""15"":100,""16"":94,""17"":0,""18"":0,""19"":0,""20"":0,""21"":0,""22"":0,""23"":0,""6"":0,""7"":0,""8"":71,""9"":63},""Wednesday"":{""10"":54,""11"":49,""12"":40,""13"":31,""14"":40,""15"":50,""16"":71,""17"":0,""18"":0,""19"":0,""20"":0,""21"":0,""22"":0,""23"":0,""6"":0,""7"":0,""8"":71,""9"":59}}",http://arriefmedia.blogspot.co.id/,0878-2858-7201,,"CW6X+79 Bejen, Karanganyar Regency, Central Java",79,4.400000,"{""1"":5,""2"":2,""3"":5,""4"":11,""5"":56}",-7.589349,110.948477
https://www.google.com/maps/place/Openmedia+Solo/data=!4m7!3m6!1s0x2e7a147766b2fb21:0xeaee2cfbfe8aaaaa!8m2!3d-7.5256121!4d110.7554851!16s%2Fg%2F11bz_7tys7!19sChIJIfuyZncUei4RqqqK_vss7uo?authuser=0&hl=en&rclk=1,Desain Grafis,Openmedia Solo,Digital printing service,"Jl. Puri Dirgantara No.A 14, Cikalan, Gawanan, Kec. Colomadu, Kabupaten Karanganyar, Jawa Tengah 57175","{""Friday"":[""9.00 am–8.00 pm""],""Monday"":[""9.00 am–8.00 pm""],""Saturday"":[""9.00 am–8.00 pm""],""Sunday"":[""Closed""],""Thursday"":[""9.00 am–8.00 pm""],""Tuesday"":[""9.00 am–8.00 pm""],""Wednesday"":[""9.00 am–8.00 pm""]}",{},,0877-3500-6151,,"FQF4+Q5 Gawanan, Karanganyar Regency, Central Java",85,5.000000,"{""1"":0,""2"":0,""3"":0,""4"":3,""5"":82}",-7.525612,110.755485
https://www.google.com/maps/place/Neti+family/data=!4m7!3m6!1s0x2e7a23caa3e117af:0x4c3e757f33c76a96!8m2!3d-7.6114263!4d110.997907!16s%2Fg%2F11qzwlxvrb!19sChIJrxfho8ojei4RlmrHM391Pkw?authuser=0&hl=en&rclk=1,Desain Grafis,Neti family,Store,"9XQX+C5F Neti family, Sengon, Gayamdompo, Kec. Karanganyar, Kabupaten Karanganyar, Jawa Tengah 57716","{""Friday"":[""Open 24 hours""],""Monday"":[""Open 24 hours""],""Saturday"":[""Open 24 hours""],""Sunday"":[""Open 24 hours""],""Thursday"":[""Open 24 hours""],""Tuesday"":[""Open 24 hours""],""Wednesday"":[""Open 24 hours""]}","{""Friday"":{""0"":25,""1"":31,""10"":68,""11"":56,""12"":56,""13"":50,""14"":56,""15"":37,""16"":43,""17"":50,""18"":62,""19"":62,""2"":37,""20"":37,""21"":25,""22"":37,""23"":25,""3"":56,""4"":43,""5"":50,""6"":62,""7"":56,""8"":62,""9"":50},""Monday"":{""0"":43,""1"":43,""10"":50,""11"":75,""12"":93,""13"":100,""14"":56,""15"":37,""16"":12,""17"":6,""18"":6,""19"":12,""2"":31,""20"":12,""21"":12,""22"":25,""23"":43,""3"":25,""4"":31,""5"":37,""6"":37,""7"":43,""8"":31,""9"":31},""Saturday"":{""0"":37,""1"":25,""10"":50,""11"":50,""12"":56,""13"":31,""14"":43,""15"":62,""16"":93,""17"":93,""18"":87,""19"":56,""2"":31,""20"":37,""21"":37,""22"":37,""23"":31,""3"":25,""4"":31,""5"":25,""6"":18,""7"":18,""8"":25,""9"":31},""Sunday"":{""0"":37,""1"":50,""10"":81,""11"":100,""12"":75,""13"":62,""14"":50,""15"":31,""16"":37,""17"":37,""18"":37,""19"":37,""2"":43,""20"":43,""21"":50,""22"":43,""23"":43,""3"":43,""4"":37,""5"":43,""6"":43,""7"":56,""8"":62,""9"":68},""Thursday"":{""0"":50,""1"":56,""10"":93,""11"":62,""12"":56,""13"":31,""14"":31,""15"":43,""16"":62,""17"":50,""18"":62,""19"":56,""2"":50,""20"":68,""21"":81,""22"":75,""23"":56,""3"":43,""4"":31,""5"":37,""6"":31,""7"":31,""8"":56,""9"":56},""Tuesday"":{""0"":50,""1"":50,""10"":31,""11"":25,""12"":18,""13"":18,""14"":25,""15"":37,""16"":50,""17"":56,""18"":68,""19"":56,""2"":37,""20"":43,""21"":43,""22"":56,""23"":50,""3"":31,""4"":18,""5"":25,""6"":37,""7"":37,""8"":43,""9"":31},""Wednesday"":{""0"":18,""1"":18,""10"":62,""11"":62,""12"":62,""13"":43,""14"":43,""15"":37,""16"":43,""17"":37,""18"":31,""19"":43,""2"":25,""20"":37,""21"":50,""22"":37,""23"":25,""3"":25,""4"":18,""5"":25,""6"":50,""7"":56,""8"":56,""9"":50}}",,,,,2,5.000000,"{""1"":0,""2"":0,""3"":0,""4"":0,""5"":2}",-7.611426,110.997907
https://www.google.com/maps/place/Zivisual+Creative/data=!4m7!3m6!1s0x2e7a19b94faa4063:0xe89a50d723de1e50!8m2!3d-7.5853672!4d110.9391083!16s%2Fg%2F11vbj9nkbm!19sChIJY0CqT7kZei4RUB7eI9dQmug?authuser=0&hl=en&rclk=1,Desain Grafis,Zivisual Creative,Graphic designer,"Kalongan Wetan, RT.9/RW.16, Karang Wetan, Papahan, Kec. Tasikmadu, Kabupaten Karanganyar, Jawa Tengah 57722",{},{},https://zivisual.net/,0851-5718-2055,,"CW7Q+VJ Papahan, Karanganyar Regency, Central Java",1,5.000000,"{""1"":0,""2"":0,""3"":0,""4"":0,""5"":1}",-7.585367,110.939108
https://www.google.com/maps/place/Andromeda+Advertising/data=!4m7!3m6!1s0x2e7a17571a505189:0xdb08bf0685ff72b6!8m2!3d-7.5359166!4d110.9093495!16s%2Fg%2F11c2pp137z!19sChIJiVFQGlcXei4RtnL_hQa_CNs?authuser=0&hl=en&rclk=1,Desain Grafis,Andromeda Advertising,Print shop,"Jl. Tasikmadu-Kebakkramat, Nangsri Lor, Nangsri, Kec. Kebakkramat, Kabupaten Karanganyar, Jawa Tengah 57762","{""Friday"":[""8.00 am–4.30 pm""],""Monday"":[""7.30 am–4.30 pm""],""Saturday"":[""8.00 am–4.00 pm""],""Sunday"":[""Closed""],""Thursday"":[""7.30 am–5.00 pm""],""Tuesday"":[""7.30 am–4.30 pm""],""Wednesday"":[""7.30 am–4.30 pm""]}",{},,0813-2939-1149,,"FW75+JP Nangsri, Karanganyar Regency, Central Java",5,4.800000,"{""1"":0,""2"":0,""3"":0,""4"":1,""5"":4}",-7.535917,110.909349
"https://www.google.com/maps/place/Niru+Cetak+-+Pusat+Digital+Printing,+Undangan+%26+Kado+Karanganyar/data=!4m7!3m6!1s0xaf9e5ac2415fbb4b:0xbc3914936b15184!8m2!3d-7.6285794!4d110.9952145!16s%2Fg%2F11vk154thd!19sChIJS7tfQcJanq8RhFGxNkmRwws?authuser=0&hl=en&rclk=1",Desain Grafis,"Niru Cetak - Pusat Digital Printing, Undangan & Kado Karanganyar",Print shop,"Punukan, RT.06/RW.15, Punukan Lor, Ngadiluwih, Kec. Matesih, Kabupaten Karanganyar, Jawa Tengah 57781","{""Friday"":[""5.00–7.00 pm""],""Monday"":[""5.00–8.00 pm""],""Saturday"":[""9.00 am–3.00 pm""],""Sunday"":[""Closed""],""Thursday"":[""5.00–8.00 pm""],""Tuesday"":[""5.00–8.00 pm""],""Wednesday"":[""5.00–8.00 pm""]}",{},http://nirucetak.com/,0822-2034-3814,,"9XCW+H3 Ngadiluwih, Karanganyar Regency, Central Java",3,5.000000,"{""1"":0,""2"":0,""3"":0,""4"":0,""5"":3}",-7.628579,110.995214
https://www.google.com/maps/place/Goodie+Print/data=!4m7!3m6!1s0x2e7a11603f86ba4b:0x462c32aa70ef3f62!8m2!3d-7.5080834!4d110.8623771!16s%2Fg%2F11msh4ddt4!19sChIJS7qGP2ARei4RYj_vcKoyLEY?authuser=0&hl=en&rclk=1,Desain Grafis,Goodie Print,Print shop,"Perumahan Marison Jl. Mayor Achmadi Blok AC10, Jurangkambil, Jeruksawit, Kec. Gondangrejo, Kabupaten Karanganyar, Jawa Tengah 57188","{""Friday"":[""Open 24 hours""],""Monday"":[""Open 24 hours""],""Saturday"":[""Open 24 hours""],""Sunday"":[""Open 24 hours""],""Thursday"":[""Open 24 hours""],""Tuesday"":[""Open 24 hours""],""Wednesday"":[""Open 24 hours""]}",{},,0851-5655-3590,,"FVR6+QX Jeruksawit, Karanganyar Regency, Central Java",10,5.000000,"{""1"":0,""2"":0,""3"":0,""4"":0,""5"":10}",-7.508083,110.862377
https://www.google.com/maps/place/Desain+grafis/data=!4m7!3m6!1s0x2e7a1f63e40c1e6b:0x3fe5b4631e1d3adb!8m2!3d-7.5203647!4d111.0605074!16s%2Fg%2F11q8vgd1vp!19sChIJax4M5GMfei4R2zodHmO05T8?authuser=0&hl=en&rclk=1,Desain Grafis,Desain grafis,Kitchen remodeler,"F3H6+V62 Desain grafis, Jl. Kerjokra, Plandokan, Sumberejo, Kec. Kerjo, Kabupaten Karanganyar, Jawa Tengah 57753",{},{},,,,,0,0.000000,"{""1"":0,""2"":0,""3"":0,""4"":0,""5"":0}",-7.520365,111.060507
https://www.google.com/maps/place/Ranu+Design/data=!4m7!3m6!1s0x2e7a1735937b7339:0x76dc233c2e66ae8e!8m2!3d-7.5305219!4d110.842423!16s%2Fg%2F11f6dsxq3c!19sChIJOXN7kzUXei4Rjq5mLjwj3HY?authuser=0&hl=en&rclk=1,Desain Grafis,Ranu Design,Corporate office,"Belembem, Plesungan, Kec. Gondangrejo, Kabupaten Karanganyar, Jawa Tengah 57181","{""Friday"":[""8.00 am–7.00 pm""],""Monday"":[""8.00 am–7.00 pm""],""Saturday"":[""8.00 am–7.00 pm""],""Sunday"":[""Closed""],""Thursday"":[""8.00 am–7.00 pm""],""Tuesday"":[""8.00 am–7.00 pm""],""Wednesday"":[""8.00 am–7.00 pm""]}",{},http://www.facebook.com/ranudesign,0857-1317-0170,,"FR9R+QX Plesungan, Karanganyar Regency, Central Java",3,5.000000,"{""1"":0,""2"":0,""3"":0,""4"":0,""5"":3}",-7.530522,110.842423
https://www.google.com/maps/place/Rochmangrafis/data=!4m7!3m6!1s0x2e7a17b2ab17f999:0xf4fa24a68d075ec1!8m2!3d-7.528168!4d110.8364962!16s%2Fg%2F11ybwbdk_7!19sChIJmfkXq7IXei4RwV4HjaYk-vQ?authuser=0&hl=en&rclk=1,Desain Grafis,Rochmangrafis,Graphic designer,"Jl. Watuburik No.RT01/14, Watuburik, Wonorejo, Gondangrejo, Karanganyar Regency, Central Java 57182","{""Friday"":[""Open 24 hours""],""Monday"":[""Open 24 hours""],""Saturday"":[""Open 24 hours""],""Sunday"":[""Open 24 hours""],""Thursday"":[""Open 24 hours""],""Tuesday"":[""Open 24 hours""],""Wednesday"":[""Open 24 hours""]}",{},http://rochmand.my.id/,0823-2477-2600,,"FRCP+PH Wonorejo, Karanganyar Regency, Central Java",5,5.000000,"{""1"":0,""2"":0,""3"":0,""4"":0,""5"":5}",-7.528168,110.836496
https://www.google.com/maps/place/SOE+DESAIN+GRAFIS/data=!4m7!3m6!1s0x2e7a3d11b9060f77:0x3dc710ece90806b9!8m2!3d-7.6235256!4d110.8851027!16s%2Fg%2F11tx5s0gy5!19sChIJdw8GuRE9ei4RuQYI6ewQxz0?authuser=0&hl=en&rclk=1,Desain Grafis,SOE DESAIN GRAFIS,Corporate office,"Gg. Buntu No.03/02, Bangunrejo, Wonorejo, Kec. Polokarto, Kabupaten Sukoharjo, Jawa Tengah 57555","{""Friday"":[""8.00 am–5.00 pm""],""Monday"":[""8.00 am–5.00 pm""],""Saturday"":[""8.00 am–12.00 pm""],""Sunday"":[""8.00 am–12.00 pm""],""Thursday"":[""8.00 am–5.00 pm""],""Tuesday"":[""8.00 am–5.00 pm""],""Wednesday"":[""8.00 am–5.00 pm""]}",{},,,,"9VGP+H2 Wonorejo, Sukoharjo Regency, Central Java",1,5.000000,"{""1"":0,""2"":0,""3"":0,""4"":0,""5"":1}",-7.623526,110.885103
https://www.google.com/maps/place/CUTTING+STICKER+STUDIO+KARANGANYAR/data=!4m7!3m6!1s0x2e7a197499d5611f:0x5e8e680e71e61015!8m2!3d-7.6116072!4d110.9726096!16s%2Fg%2F11q7_410np!19sChIJH2HVmXQZei4RFRDmcQ5ojl4?authuser=0&hl=en&rclk=1,Desain Grafis,CUTTING STICKER STUDIO KARANGANYAR,Corporate office,"Gerdu, Tegalgede, Kec. Karanganyar, Kabupaten Karanganyar, Jawa Tengah 57714","{""Friday"":[""1.00–6.00 pm""],""Monday"":[""9.00 am–6.00 pm""],""Saturday"":[""9.00 am–6.00 pm""],""Sunday"":[""Closed""],""Thursday"":[""9.00 am–6.00 pm""],""Tuesday"":[""9.00 am–6.00 pm""],""Wednesday"":[""9.00 am–6.00 pm""]}",{},,0857-4722-6794,,"9XQF+92 Tegalgede, Karanganyar Regency, Central Java",25,4.300000,"{""1"":4,""2"":0,""3"":0,""4"":1,""5"":20}",-7.611607,110.972610
https://www.google.com/maps/place/VISION+DESAIN+GRAFIS+%26+REPTILE+EXOTIC+PETS/data=!4m7!3m6!1s0x2e7a1762d9957f63:0xdfd8a53c5e28ff34!8m2!3d-7.5379158!4d110.8642328!16s%2Fg%2F11w9pzthtq!19sChIJY3-V2WIXei4RNP8oXjyl2N8?authuser=0&hl=en&rclk=1,Desain Grafis,VISION DESAIN GRAFIS & REPTILE EXOTIC PETS,Graphic designer,"INGASREJO RT 04, RW.08, Plesungan, Kec. Gondangrejo, Kabupaten Karanganyar, Jawa Tengah 57181",{},{},,0815-4865-7325,,"FV67+RM Plesungan, Karanganyar Regency, Central Java",0,0.000000,"{""1"":0,""2"":0,""3"":0,""4"":0,""5"":0}",-7.537916,110.864233
https://www.google.com/maps/place/Zona+Printing+DTF/data=!4m7!3m6!1s0x2e7a23d8ef43b441:0x41ea72d52f7359e!8m2!3d-7.6199548!4d110.9945612!16s%2Fg%2F11tkb40zgr!19sChIJQbRD79gjei4RnjX3Ui2nHgQ?authuser=0&hl=en&rclk=1,Desain Grafis,Zona Printing DTF,Print shop,"banyak, RT.03/RW.01, Banyak, Jantiharjo, Kec. Karanganyar, Kabupaten Karanganyar, Jawa Tengah 57716","{""Friday"":[""9.00 am–5.00 pm""],""Monday"":[""9.00 am–5.00 pm""],""Saturday"":[""9.00 am–3.00 pm""],""Sunday"":[""Closed""],""Thursday"":[""9.00 am–5.00 pm""],""Tuesday"":[""9.00 am–5.00 pm""],""Wednesday"":[""9.00 am–5.00 pm""]}",{},,0823-2404-0080,,"9XJV+2R Jantiharjo, Karanganyar Regency, Central Java",7,5.000000,"{""1"":0,""2"":0,""3"":0,""4"":0,""5"":7}",-7.619955,110.994561
https://www.google.com/maps/place/Cetak+MMT+JAPRI+DIGITAL/data=!4m7!3m6!1s0x2e7a19511adef8fb:0xe66c106d2c08a2f5!8m2!3d-7.5909154!4d110.9267124!16s%2Fg%2F11sty2szzm!19sChIJ-_jeGlEZei4R9aIILG0QbOY?authuser=0&hl=en&rclk=1,Desain Grafis,Cetak MMT JAPRI DIGITAL,Commercial printer,"Jl. Basuki Rahmat, galarum, Papahan, Kabupaten Karanganyar, Jawa Tengah","{""Friday"":[""8.30 am–4.30 pm""],""Monday"":[""8.30 am–4.30 pm""],""Saturday"":[""8.30 am–4.30 pm""],""Sunday"":[""Closed""],""Thursday"":[""8.30 am–4.30 pm""],""Tuesday"":[""8.30 am–4.30 pm""],""Wednesday"":[""8.30 am–4.30 pm""]}","{""Friday"":{""10"":94,""11"":92,""12"":76,""13"":82,""14"":84,""15"":100,""16"":94,""17"":0,""18"":0,""19"":0,""20"":0,""21"":0,""22"":0,""23"":0,""6"":0,""7"":0,""8"":53,""9"":82},""Monday"":{""10"":76,""11"":82,""12"":82,""13"":76,""14"":79,""15"":87,""16"":89,""17"":0,""18"":0,""19"":0,""20"":0,""21"":0,""22"":0,""23"":0,""6"":0,""7"":0,""8"":41,""9"":61},""Saturday"":{""10"":92,""11"":84,""12"":87,""13"":82,""14"":100,""15"":94,""16"":76,""17"":0,""18"":0,""19"":0,""20"":0,""21"":0,""22"":0,""23"":0,""6"":0,""7"":0,""8"":28,""9"":48},""Sunday"":{},""Thursday"":{""10"":82,""11"":64,""12"":56,""13"":64,""14"":71,""15"":82,""16"":79,""17"":0,""18"":0,""19"":0,""20"":0,""21"":0,""22"":0,""23"":0,""6"":0,""7"":0,""8"":58,""9"":82},""Tuesday"":{""10"":74,""11"":82,""12"":79,""13"":89,""14"":87,""15"":87,""16"":92,""17"":0,""18"":0,""19"":0,""20"":0,""21"":0,""22"":0,""23"":0,""6"":0,""7"":0,""8"":38,""9"":64},""Wednesday"":{""10"":74,""11"":100,""12"":100,""13"":92,""14"":92,""15"":97,""16"":84,""17"":0,""18"":0,""19"":0,""20"":0,""21"":0,""22"":0,""23"":0,""6"":0,""7"":0,""8"":35,""9"":58}}",https://shopee.co.id/sugeeanimestore,0856-4216-6216,,"CW5G+JM Papahan, Karanganyar Regency, Central Java",81,5.000000,"{""1"":0,""2"":0,""3"":0,""4"":0,""5"":81}",-7.590915,110.926712
https://www.google.com/maps/place/Garasi+Digital+Printing/data=!4m7!3m6!1s0x2e7a1684177fd431:0x94da4583467e4a8d!8m2!3d-7.5361583!4d110.8000868!16s%2Fg%2F1pztnrtq3!19sChIJMdR_F4QWei4RjUp-RoNF2pQ?authuser=0&hl=en&rclk=1,Desain Grafis,Garasi Digital Printing,Print shop,"Jl. Adi Sumarmo No.278, Klodran Indah, Banyuanyar, Kec. Banjarsari, Kabupaten Karanganyar, Jawa Tengah 57137","{""Friday"":[""9.00 am–7.00 pm""],""Monday"":[""9.00 am–7.00 pm""],""Saturday"":[""9.00 am–6.00 pm""],""Sunday"":[""Closed""],""Thursday"":[""9.00 am–7.00 pm""],""Tuesday"":[""9.00 am–7.00 pm""],""Wednesday"":[""9.00 am–7.00 pm""]}","{""Friday"":{""10"":51,""11"":55,""12"":34,""13"":34,""14"":41,""15"":55,""16"":75,""17"":62,""18"":41,""19"":0,""20"":0,""21"":0,""22"":0,""23"":0,""6"":0,""7"":0,""8"":0,""9"":62},""Monday"":{""10"":72,""11"":75,""12"":62,""13"":48,""14"":55,""15"":58,""16"":75,""17"":75,""18"":55,""19"":0,""20"":0,""21"":0,""22"":0,""23"":0,""6"":0,""7"":0,""8"":0,""9"":65},""Saturday"":{""10"":48,""11"":41,""12"":24,""13"":24,""14"":31,""15"":27,""16"":24,""17"":27,""18"":0,""19"":0,""20"":0,""21"":0,""22"":0,""23"":0,""6"":0,""7"":0,""8"":0,""9"":55},""Sunday"":{},""Thursday"":{""10"":55,""11"":65,""12"":58,""13"":48,""14"":44,""15"":55,""16"":55,""17"":72,""18"":48,""19"":0,""20"":0,""21"":0,""22"":0,""23"":0,""6"":0,""7"":0,""8"":0,""9"":48},""Tuesday"":{""10"":65,""11"":62,""12"":48,""13"":41,""14"":44,""15"":75,""16"":100,""17"":96,""18"":82,""19"":0,""20"":0,""21"":0,""22"":0,""23"":0,""6"":0,""7"":0,""8"":0,""9"":55},""Wednesday"":{""10"":51,""11"":44,""12"":31,""13"":27,""14"":27,""15"":37,""16"":44,""17"":55,""18"":48,""19"":0,""20"":0,""21"":0,""22"":0,""23"":0,""6"":0,""7"":0,""8"":0,""9"":51}}",https://bit.ly/3Sr7IFi,0882-0057-57300,,"FR72+G2 Banyuanyar, Surakarta City, Central Java",77,4.100000,"{""1"":15,""2"":1,""3"":0,""4"":5,""5"":56}",-7.536158,110.800087
https://www.google.com/maps/place/SOCMedia+Agency+%28Jasa+Digital+Marketing+-+Creative+Agency+Solo%29/data=!4m7!3m6!1s0x2e7a15a3c8b8860b:0x82b030275ccc4bc0!8m2!3d-7.5358852!4d110.7515518!16s%2Fg%2F11k6f1vl0t!19sChIJC4a4yKMVei4RwEvMXCcwsII?authuser=0&hl=en&rclk=1,Desain Grafis,SOCMedia Agency (Jasa Digital Marketing - Creative Agency Solo),Internet marketing service,"Ndalem Asri Residence, Jl. Nila, Tegalrejo, Paulan, Kec. Colomadu, Kabupaten Karanganyar, Jawa Tengah 57177","{""Friday"":[""9.00 am–5.00 pm""],""Monday"":[""9.00 am–5.00 pm""],""Saturday"":[""9.00 am–5.00 pm""],""Sunday"":[""Closed""],""Thursday"":[""9.00 am–5.00 pm""],""Tuesday"":[""9.00 am–5.00 pm""],""Wednesday"":[""9.00 am–5.00 pm""]}",{},http://socmediaagency.com/,0813-3334-0020,,"FQ72+JJ Paulan, Karanganyar Regency, Central Java",34,5.000000,"{""1"":0,""2"":0,""3"":0,""4"":1,""5"":33}",-7.535885,110.751552
"https://www.google.com/maps/place/Jasawebmu.ID+%7C+Jasa+Pembuatan+Website+%231+Murah,+Professional+dan+Terpercaya/data=!4m7!3m6!1s0x2e7a2342d50c4cbd:0x69a9eaf0ff1b1d9b!8m2!3d-1.7945999!4d117.8888!16s%2Fg%2F11gzpnfb5k!19sChIJvUwM1UIjei4Rmx0b__DqqWk?authuser=0&hl=en&rclk=1",Desain Grafis,"Jasawebmu.ID | Jasa Pembuatan Website #1 Murah, Professional dan Terpercaya",Website designer,,{},{},https://www.jasawebmu.id/,0857-1232-7064,,,65,5.000000,"{""1"":0,""2"":0,""3"":0,""4"":0,""5"":65}",-1.794600,117.888800
https://www.google.com/maps/place/Irfa+Creative/data=!4m7!3m6!1s0x2e7a19ac9b70e64b:0x4fae657d982d7055!8m2!3d-7.5335809!4d110.9419255!16s%2Fg%2F11sd1pvfml!19sChIJS-Zwm6wZei4RVXAtmH1lrk8?authuser=0&hl=en&rclk=1,Desain Grafis,Irfa Creative,Print shop,"Mojotelu, RT.04/RW.09, Mrojotelu, Alastuwo, Kec. Kebakkramat, Kabupaten Karanganyar, Jawa Tengah 57762",{},{},,0856-0077-9688,,"FW8R+HQ Alastuwo, Karanganyar Regency, Central Java",2,5.000000,"{""1"":0,""2"":0,""3"":0,""4"":0,""5"":2}",-7.533581,110.941925
https://www.google.com/maps/place/ALABASTA+DIGITAL+PRINTING/data=!4m7!3m6!1s0x2e7a19e13e1bbbc7:0x4aec3d94088f9a82!8m2!3d-7.6006479!4d110.9498074!16s%2Fg%2F11yn2r2dgw!19sChIJx7sbPuEZei4RgpqPCJQ97Eo?authuser=0&hl=en&rclk=1,Desain Grafis,ALABASTA DIGITAL PRINTING,Digital printer,"sebrang techno komputer, pas pertigaan, Jl. Onta II, Dompon, Karanganyar, Karanganyar Regency, Central Java 57772","{""Friday"":[""8.00 am–9.00 pm""],""Monday"":[""8.00 am–9.00 pm""],""Saturday"":[""8.00 am–9.00 pm""],""Sunday"":[""12.00–5.00 pm""],""Thursday"":[""8.00 am–9.00 pm""],""Tuesday"":[""8.00 am–9.00 pm""],""Wednesday"":[""8.00 am–9.00 pm""]}","{""Friday"":{""10"":61,""11"":50,""12"":61,""13"":55,""14"":50,""15"":55,""16"":55,""17"":38,""18"":33,""19"":33,""20"":38,""21"":0,""22"":0,""23"":0,""6"":0,""7"":0,""8"":38,""9"":44},""Monday"":{""10"":33,""11"":22,""12"":22,""13"":27,""14"":38,""15"":50,""16"":50,""17"":72,""18"":66,""19"":77,""20"":55,""21"":0,""22"":0,""23"":0,""6"":0,""7"":0,""8"":55,""9"":38},""Saturday"":{""10"":33,""11"":44,""12"":38,""13"":38,""14"":33,""15"":27,""16"":38,""17"":33,""18"":50,""19"":55,""20"":55,""21"":0,""22"":0,""23"":0,""6"":0,""7"":0,""8"":27,""9"":33},""Sunday"":{""10"":0,""11"":0,""12"":22,""13"":27,""14"":38,""15"":38,""16"":38,""17"":0,""18"":0,""19"":0,""20"":0,""21"":0,""22"":0,""23"":0,""6"":0,""7"":0,""8"":0,""9"":0},""Thursday"":{""10"":83,""11"":77,""12"":61,""13"":72,""14"":72,""15"":72,""16"":50,""17"":50,""18"":38,""19"":33,""20"":22,""21"":0,""22"":0,""23"":0,""6"":0,""7"":0,""8"":77,""9"":100},""Tuesday"":{""10"":44,""11"":27,""12"":33,""13"":27,""14"":27,""15"":22,""16"":27,""17"":22,""18"":33,""19"":50,""20"":50,""21"":0,""22"":0,""23"":0,""6"":0,""7"":0,""8"":38,""9"":44},""Wednesday"":{""10"":61,""11"":77,""12"":77,""13"":66,""14"":61,""15"":61,""16"":50,""17"":50,""18"":33,""19"":27,""20"":27,""21"":0,""22"":0,""23"":0,""6"":0,""7"":0,""8"":22,""9"":33}}",,0882-0030-00611,,"9WXX+PW Karanganyar, Karanganyar Regency, Central Java",7,5.000000,"{""1"":0,""2"":0,""3"":0,""4"":0,""5"":7}",-7.600648,110.949807
https://www.google.com/maps/place/Percetakan+-+Digital+Printing+Sinar+Biru+Bhimasari+Karanganyar/data=!4m7!3m6!1s0x2e7a186dd0c4fe09:0x288579e9fbac456d!8m2!3d-7.591286!4d110.93235!16s%2Fg%2F11b6zpyrxy!19sChIJCf7E0G0Yei4RbUWs--l5hSg?authuser=0&hl=en&rclk=1,Desain Grafis,Percetakan - Digital Printing Sinar Biru Bhimasari Karanganyar,Print shop,"Jl. Lawu, Kodokan, Papahan, Kec. Karanganyar, Kabupaten Karanganyar, Jawa Tengah 57722","{""Friday"":[""7.45 am–4.00 pm""],""Monday"":[""7.45 am–4.00 pm""],""Saturday"":[""7.45 am–2.30 pm""],""Sunday"":[""Closed""],""Thursday"":[""7.45 am–4.00 pm""],""Tuesday"":[""7.45 am–4.00 pm""],""Wednesday"":[""7.45 am–4.00 pm""]}",{},,0821-3732-1070,,"CW5J+FW Papahan, Karanganyar Regency, Central Java",10,5.000000,"{""1"":0,""2"":0,""3"":0,""4"":0,""5"":10}",-7.591286,110.932350
https://www.google.com/maps/place/Pak+Harto+Gambar+Desain+Grafis+%28Gulit%29/data=!4m7!3m6!1s0x2e7a17c5aad5eedb:0x1e66c57c90a59392!8m2!3d-7.5806937!4d110.838495!16s%2Fg%2F11rck3trp4!19sChIJ2-7VqsUXei4RkpOlkHzFZh4?authuser=0&hl=en&rclk=1,Desain Grafis,Pak Harto Gambar Desain Grafis (Gulit),Drafting service,"CR9Q+P9H Pak Harto Gambar Desain Grafis (Gulit), Unnamed Road, Semanggi, Kec. Ps. Kliwon, Kota Surakarta, Jawa Tengah 57191","{""Friday"":[""9.00 am–6.00 pm""],""Monday"":[""9.00 am–6.00 pm""],""Saturday"":[""9.00 am–6.00 pm""],""Sunday"":[""Closed""],""Thursday"":[""9.00 am–6.00 pm""],""Tuesday"":[""9.00 am–6.00 pm""],""Wednesday"":[""9.00 am–6.00 pm""]}",{},,0819-1523-4445,,,1,5.000000,"{""1"":0,""2"":0,""3"":0,""4"":0,""5"":1}",-7.580694,110.838495
https://www.google.com/maps/place/Vestinel+Studio/data=!4m7!3m6!1s0x2e7a19b7accdf86b:0x3de29ef9658edd0f!8m2!3d-7.5932949!4d110.9793773!16s%2Fg%2F11q3n6ryx2!19sChIJa_jNrLcZei4RD92OZfme4j0?authuser=0&hl=en&rclk=1,Desain Grafis,Vestinel Studio,Corporate office,"CX4H+MQJ Vestinel Studio, Wonorejo, Bejen, Kec. Karanganyar, Kabupaten Karanganyar, Jawa Tengah 57716","{""Friday"":[""8.00 am–4.00 pm""],""Monday"":[""8.00 am–4.00 pm""],""Saturday"":[""8.00 am–4.00 pm""],""Sunday"":[""Closed""],""Thursday"":[""8.00 am–4.00 pm""],""Tuesday"":[""8.00 am–4.00 pm""],""Wednesday"":[""8.00 am–4.00 pm""]}",{},https://sites.google.com/view/vestinelstudio/,0857-2757-7170,,,21,5.000000,"{""1"":0,""2"":0,""3"":0,""4"":0,""5"":21}",-7.593295,110.979377
https://www.google.com/maps/place/PT+Laku+Cipta+Karya/data=!4m7!3m6!1s0x2e7a17a9d3058193:0x496782d9df0a1657!8m2!3d-7.5601969!4d110.8718541!16s%2Fg%2F11ckxxh8jn!19sChIJk4EF06kXei4RVxYK39mCZ0k?authuser=0&hl=en&rclk=1,Desain Grafis,PT Laku Cipta Karya,Graphic designer,"Perumahan Winong Jl. Gajah, Perumahan Jl. Winong No.8, Banaran, Karanganyar Regency, Central Java 57731","{""Friday"":[""8.00 am–4.00 pm""],""Monday"":[""8.00 am–4.00 pm""],""Saturday"":[""Closed""],""Sunday"":[""Closed""],""Thursday"":[""8.00 am–4.00 pm""],""Tuesday"":[""8.00 am–4.00 pm""],""Wednesday"":[""8.00 am–4.00 pm""]}",{},https://lakudesign.com/,0851-9005-8001,,"CVQC+WP Banaran, Ngringo, Karanganyar Regency, Central Java",10,4.900000,"{""1"":0,""2"":0,""3"":0,""4"":1,""5"":9}",-7.560197,110.871854
https://www.google.com/maps/place/Arkuma+Design+Studio/data=!4m7!3m6!1s0x2e7a11d79e2a4b7d:0x5d6d698ebff73f7c!8m2!3d-7.5219981!4d110.8869066!16s%2Fg%2F11wth8dw3r!19sChIJfUsqntcRei4RfD_3v45pbV0?authuser=0&hl=en&rclk=1,Desain Grafis,Arkuma Design Studio,Website designer,"Jalan Desa Jl. Dingin, RT.1/RW.18, Beji Kulon, Kemiri, Kec. Kebakkramat, Kabupaten Karanganyar, Jawa Tengah 57762","{""Friday"":[""8.00 am–10.00 pm""],""Monday"":[""8.00 am–10.00 pm""],""Saturday"":[""8.00 am–10.00 pm""],""Sunday"":[""8.00 am–10.00 pm""],""Thursday"":[""8.00 am–10.00 pm""],""Tuesday"":[""8.00 am–10.00 pm""],""Wednesday"":[""8.00 am–10.00 pm""]}",{},https://www.arkumadesign.com/,0851-7967-8298,,"FVHP+6Q Kemiri, Karanganyar Regency, Central Java",7,5.000000,"{""1"":0,""2"":0,""3"":0,""4"":0,""5"":7}",-7.521998,110.886907
https://www.google.com/maps/place/FYM+Design+%26+Print+%28Jasa+Desain+dan+Print+%29/data=!4m7!3m6!1s0x2e7a1f006f25b65b:0xfd6f89ccd291ae24!8m2!3d-7.5545027!4d111.0396492!16s%2Fg%2F11ybhvm6_j!19sChIJW7YlbwAfei4RJK6R0syJb_0?authuser=0&hl=en&rclk=1,Desain Grafis,FYM Design & Print (Jasa Desain dan Print ),Design agency,"C2WQ+3WH FYM Design & Print (Jasa Desain dan Print ), Sukorejo, Pendem, Kec. Mojogedang, Kabupaten Karanganyar, Jawa Tengah 57752","{""Friday"":[""9.00 am–5.00 pm""],""Monday"":[""9.00 am–5.00 pm""],""Saturday"":[""9.00 am–5.00 pm""],""Sunday"":[""Closed""],""Thursday"":[""9.00 am–5.00 pm""],""Tuesday"":[""9.00 am–5.00 pm""],""Wednesday"":[""9.00 am–5.00 pm""]}",{},http://instagram.com/fym.desain,0813-1153-5258,,,6,5.000000,"{""1"":0,""2"":0,""3"":0,""4"":0,""5"":6}",-7.554503,111.039649
https://www.google.com/maps/place/Jasa+Desain+Grafis+57/data=!4m7!3m6!1s0x2e7a1fd42af291f7:0xc9e43d8f6a9f6c0b!8m2!3d-7.5645539!4d111.0209458!16s%2Fg%2F11yd73bj0b!19sChIJ95HyKtQfei4RC2yfao895Mk?authuser=0&hl=en&rclk=1,Desain Grafis,Jasa Desain Grafis 57,Digital printing service,"RT.01/RW.03, Klumpuk, Mojogedang, Kec. Mojogedang, Kabupaten Karanganyar, Jawa Tengah 57752","{""Friday"":[""Open 24 hours""],""Monday"":[""Open 24 hours""],""Saturday"":[""Open 24 hours""],""Sunday"":[""Open 24 hours""],""Thursday"":[""Open 24 hours""],""Tuesday"":[""Open 24 hours""],""Wednesday"":[""Open 24 hours""]}","{""Friday"":{""0"":47,""1"":35,""10"":23,""11"":17,""12"":23,""13"":17,""14"":17,""15"":17,""16"":23,""17"":35,""18"":35,""19"":35,""2"":47,""20"":23,""21"":29,""22"":35,""23"":47,""3"":47,""4"":41,""5"":47,""6"":41,""7"":47,""8"":41,""9"":29},""Monday"":{""0"":23,""1"":23,""10"":35,""11"":29,""12"":29,""13"":41,""14"":41,""15"":41,""16"":47,""17"":47,""18"":29,""19"":23,""2"":41,""20"":23,""21"":29,""22"":23,""23"":17,""3"":41,""4"":52,""5"":47,""6"":35,""7"":35,""8"":29,""9"":29},""Saturday"":{""0"":35,""1"":58,""10"":11,""11"":23,""12"":41,""13"":47,""14"":41,""15"":29,""16"":35,""17"":35,""18"":23,""19"":17,""2"":94,""20"":29,""21"":35,""22"":29,""23"":29,""3"":100,""4"":76,""5"":52,""6"":47,""7"":64,""8"":41,""9"":23},""Sunday"":{""0"":17,""1"":29,""10"":41,""11"":41,""12"":35,""13"":35,""14"":52,""15"":64,""16"":52,""17"":58,""18"":70,""19"":70,""2"":41,""20"":35,""21"":29,""22"":17,""23"":29,""3"":52,""4"":41,""5"":29,""6"":29,""7"":29,""8"":52,""9"":47},""Thursday"":{""0"":94,""1"":64,""10"":29,""11"":29,""12"":23,""13"":23,""14"":23,""15"":23,""16"":35,""17"":23,""18"":35,""19"":35,""2"":47,""20"":52,""21"":52,""22"":94,""23"":76,""3"":41,""4"":41,""5"":29,""6"":17,""7"":17,""8"":23,""9"":35},""Tuesday"":{""0"":29,""1"":23,""10"":29,""11"":41,""12"":47,""13"":41,""14"":47,""15"":52,""16"":70,""17"":70,""18"":82,""19"":64,""2"":29,""20"":47,""21"":29,""22"":23,""23"":23,""3"":29,""4"":35,""5"":58,""6"":41,""7"":35,""8"":29,""9"":23},""Wednesday"":{""0"":58,""1"":52,""10"":94,""11"":82,""12"":82,""13"":41,""14"":23,""15"":17,""16"":35,""17"":35,""18"":52,""19"":52,""2"":52,""20"":35,""21"":17,""22"":29,""23"":41,""3"":52,""4"":41,""5"":41,""6"":47,""7"":47,""8"":52,""9"":58}}",,0812-4938-9898,,"C2PC+59 Mojogedang, Karanganyar Regency, Central Java",0,0.000000,"{""1"":0,""2"":0,""3"":0,""4"":0,""5"":0}",-7.564554,111.020946
https://www.google.com/maps/place/Putrani+wedding+organizer/data=!4m7!3m6!1s0x2e7a18819e10f4ed:0xb9f0c1c0c211a19f!8m2!3d-7.6004425!4d110.9556709!16s%2Fg%2F11b72bth0h!19sChIJ7fQQnoEYei4Rn6ERwsDB8Lk?authuser=0&hl=en&rclk=1,Desain Grafis,Putrani wedding organizer,Wedding service,"Jl. Rm. Said No.101, Tegalgede, Karanganyar, Karanganyar Regency, Central Java 57714","{""Friday"":[""8.00 am–5.00 pm""],""Monday"":[""8.00 am–5.00 pm""],""Saturday"":[""8.00 am–5.00 pm""],""Sunday"":[""8.00 am–6.00 pm""],""Thursday"":[""8.00 am–5.00 pm""],""Tuesday"":[""8.00 am–5.00 pm""],""Wednesday"":[""8.00 am–5.00 pm""]}",{},,(0271) 6498675,,"9XX4+R7 Tegalgede, Karanganyar Regency, Central Java",44,4.500000,"{""1"":1,""2"":0,""3"":7,""4"":4,""5"":32}",-7.600442,110.955671
https://www.google.com/maps/place/Sekolah+Desain+Grafis+Solo/data=!4m7!3m6!1s0x2e7a168a7c672a5b:0xa20e1a0efa38904e!8m2!3d-7.5672546!4d110.8279622!16s%2Fg%2F11b6lj2bx7!19sChIJWypnfIoWei4RTpA4-g4aDqI?authuser=0&hl=en&rclk=1,Desain Grafis,Sekolah Desain Grafis Solo,Vocational school,"Jl. Alor No.3, Kampung Baru, Pasar Kliwon, Surakarta City, Central Java 57133","{""Friday"":[""6.00 am–3.00 pm""],""Monday"":[""6.00 am–3.00 pm""],""Saturday"":[""Closed""],""Sunday"":[""Closed""],""Thursday"":[""6.00 am–3.00 pm""],""Tuesday"":[""6.00 am–3.00 pm""],""Wednesday"":[""6.00 am–3.00 pm""]}",{},,(0271) 644829,,"CRMH+35 Kampung Baru, Surakarta City, Central Java",174,4.900000,"{""1"":3,""2"":0,""3"":2,""4"":2,""5"":167}",-7.567255,110.827962
https://www.google.com/maps/place/LATAR+BELAKANG+STUDIO/data=!4m7!3m6!1s0x2e7a215452c5f05d:0xb66a4fe7a91c8aa0!8m2!3d-7.6187063!4d111.0095142!16s%2Fg%2F11s615td9l!19sChIJXfDFUlQhei4RoIocqedParY?authuser=0&hl=en&rclk=1,Desain Grafis,LATAR BELAKANG STUDIO,Photography studio,"Jl. Rejosari, Pawang, Gayamdompo, Karanganyar, Karanganyar Regency, Central Java 57751",{},{},https://instagram.com/latarbelakang_studio?igshid=YmMyMTA2M2Y=,0857-1165-8267,,"92J5+GR Gayamdompo, Karanganyar Regency, Central Java",43,5.000000,"{""1"":0,""2"":0,""3"":0,""4"":0,""5"":43}",-7.618706,111.009514
https://www.google.com/maps/place/MD+Digital+Printing+%26+Advertising+II/data=!4m7!3m6!1s0x2e7a190050787675:0xc8c7b5e9039c2924!8m2!3d-7.5985128!4d110.9557963!16s%2Fg%2F11xt4b9182!19sChIJdXZ4UAAZei4RJCmcA-m1x8g?authuser=0&hl=en&rclk=1,Desain Grafis,MD Digital Printing & Advertising II,Print shop,"Jl. Lawu No.209, Tegalgede, Kec. Karanganyar, Kabupaten Karanganyar, Jawa Tengah 57714","{""Friday"":[""8.00 am–4.30 pm""],""Monday"":[""8.00 am–4.30 pm""],""Saturday"":[""8.00 am–4.30 pm""],""Sunday"":[""Closed""],""Thursday"":[""8.00 am–4.30 pm""],""Tuesday"":[""8.00 am–4.30 pm""],""Wednesday"":[""8.00 am–4.30 pm""]}",{},,0812-3467-0929,,"CX24+H8 Tegalgede, Karanganyar Regency, Central Java",4,5.000000,"{""1"":0,""2"":0,""3"":0,""4"":0,""5"":4}",-7.598513,110.955796
https://www.google.com/maps/place/Jasa+Desain+Grafis+Muslim+Musvin/data=!4m7!3m6!1s0x2e7a13fd0cb9c355:0x20358bf0c8c3ade9!8m2!3d-7.5480929!4d110.7635788!16s%2Fg%2F11fp8405nb!19sChIJVcO5DP0Tei4R6a3DyPCLNSA?authuser=0&hl=en&rclk=1,Desain Grafis,Jasa Desain Grafis Muslim Musvin,Design agency,"Genduren, RT.01/RW.03, Geduren, Gonilan, Kec. Kartasura, Kabupaten Sukoharjo, Jawa Tengah 57169",{},{},https://www.musvin.com/,0813-7051-6080,,"FQ27+QC Gonilan, Sukoharjo Regency, Central Java",60,4.900000,"{""1"":1,""2"":0,""3"":0,""4"":0,""5"":59}",-7.548093,110.763579
https://www.google.com/maps/place/JASA+DESAIN+SOLO/data=!4m7!3m6!1s0x2e7a1375403cf4c7:0xdcaef338d96d7d2!8m2!3d-7.5320365!4d110.7211724!16s%2Fg%2F11k496gftd!19sChIJx_Q8QHUTei4R0teWjTPvyg0?authuser=0&hl=en&rclk=1,Desain Grafis,JASA DESAIN SOLO,Graphic designer,"FP9C+5F2 JASA DESAIN SOLO, Sembung, Ngasem, Kec. Colomadu, Kabupaten Karanganyar, Jawa Tengah 57179","{""Friday"":[""9.00 am–8.00 pm""],""Monday"":[""9.00 am–8.00 pm""],""Saturday"":[""9.00 am–8.00 pm""],""Sunday"":[""9.00 am–8.00 pm""],""Thursday"":[""9.00 am–8.00 pm""],""Tuesday"":[""9.00 am–8.00 pm""],""Wednesday"":[""9.00 am–8.00 pm""]}",{},,0898-5244-331,,,3,4.700000,"{""1"":0,""2"":0,""3"":0,""4"":1,""5"":2}",-7.532036,110.721172
https://www.google.com/maps/place/GOEDLINE+%28DESAIN+GRAFIS%29/data=!4m7!3m6!1s0x2e7a1572a94a4a7d:0x3f327bb3ecf9530e!8m2!3d-7.5273125!4d110.7810625!16s%2Fg%2F11kn934w03!19sChIJfUpKqXIVei4RDlP57LN7Mj8?authuser=0&hl=en&rclk=1,Desain Grafis,GOEDLINE (DESAIN GRAFIS),Screen printing shop,"RT.02/RW.09, Pepe, Gedongan, Colomadu, Karanganyar Regency, Central Java 57173","{""Friday"":[""9.00 am–8.00 pm""],""Monday"":[""7.30 am–8.00 pm""],""Saturday"":[""7.30 am–8.00 pm""],""Sunday"":[""Closed""],""Thursday"":[""7.30 am–8.00 pm""],""Tuesday"":[""7.30 am–8.00 pm""],""Wednesday"":[""7.30 am–8.00 pm""]}",{},https://sablongoedlinekreatifindonesia.tilda.ws/,0819-0205-8130,,"FQFJ+3C Gedongan, Karanganyar Regency, Central Java",6,5.000000,"{""1"":0,""2"":0,""3"":0,""4"":0,""5"":6}",-7.527312,110.781062
https://www.google.com/maps/place/RARA+PRODUCTION+ADVERTISING+%26+DIGITAL+PRINTING/data=!4m7!3m6!1s0x2e7a190055bebd03:0x61e61d03255d1a4f!8m2!3d-7.5956158!4d110.9545658!16s%2Fg%2F11ythvtsll!19sChIJA72-VQAZei4RTxpdJQMd5mE?authuser=0&hl=en&rclk=1,Desain Grafis,RARA PRODUCTION ADVERTISING & DIGITAL PRINTING,Print shop,"Beji, Bejen, Kec. Karanganyar, Kabupaten Karanganyar, Jawa Tengah 57716","{""Friday"":[""9.00 am–6.00 pm""],""Monday"":[""Closed""],""Saturday"":[""9.00 am–6.00 pm""],""Sunday"":[""10.00 am–3.00 pm""],""Thursday"":[""9.00 am–6.00 pm""],""Tuesday"":[""9.00 am–6.00 pm""],""Wednesday"":[""9.00 am–6.00 pm""]}",{},,0822-3332-4255,,"CX33+QR Bejen, Karanganyar Regency, Central Java",6,5.000000,"{""1"":0,""2"":0,""3"":0,""4"":0,""5"":6}",-7.595616,110.954566
https://www.google.com/maps/place/CV+Grafika+Senama+Sejahtera+Cab+Karanganyar/data=!4m7!3m6!1s0x2e7a19ab52fff0ab:0x5878f84e325f4e00!8m2!3d-7.5945204!4d110.9498362!16s%2Fg%2F11vbt2rhgr!19sChIJq_D_UqsZei4RAE5fMk74eFg?authuser=0&hl=en&rclk=1,Desain Grafis,CV Grafika Senama Sejahtera Cab Karanganyar,Computer store,"Jl. Hayam Wuruk I No.002, RT.003, Cerbonan, Karanganyar, Kec. Karanganyar, Kabupaten Karanganyar, Jawa Tengah 57711","{""Friday"":[""7.00 am–4.30 pm""],""Monday"":[""7.00 am–4.30 pm""],""Saturday"":[""7.00 am–4.30 pm""],""Sunday"":[""Closed""],""Thursday"":[""7.00 am–4.30 pm""],""Tuesday"":[""7.00 am–4.30 pm""],""Wednesday"":[""7.00 am–4.30 pm""]}",{},,0822-4366-6667,,"CW4X+5W Karanganyar, Karanganyar Regency, Central Java",0,0.000000,"{""1"":0,""2"":0,""3"":0,""4"":0,""5"":0}",-7.594520,110.949836
https://www.google.com/maps/place/Fox+Studio/data=!4m7!3m6!1s0x2e7a156b2f73d50b:0xa70341791541f550!8m2!3d-7.5402835!4d110.7438954!16s%2Fg%2F11mwypdr4g!19sChIJC9VzL2sVei4RUPVBFXlBA6c?authuser=0&hl=en&rclk=1,Desain Grafis,Fox Studio,Non-profit organization,"Perumahan Bumi Kencana Indah, Jl. Klegen No.16 Blok B, Klagen, Malangjiwan, Kec. Colomadu, Kabupaten Karanganyar, Jawa Tengah 57177",{},{},,0812-4927-1778,,"FP5V+VH Malangjiwan, Karanganyar Regency, Central Java",3,5.000000,"{""1"":0,""2"":0,""3"":0,""4"":0,""5"":3}",-7.540283,110.743895
https://www.google.com/maps/place/Nala+Media+Digital+Printing/data=!4m7!3m6!1s0x2e7a2333cdf28a07:0xd56d305d315c7bca!8m2!3d-7.5954395!4d110.9494899!16s%2Fg%2F11t57xfr7z!19sChIJB4ryzTMjei4RyntcMV0wbdU?authuser=0&hl=en&rclk=1,Desain Grafis,Nala Media Digital Printing,Digital printing service,"9WRX+38C Nala Media Digital Printing, Crebonan, Jl. Prof. Moh. Yamin, Tegalgede, Kec. Karanganyar, Kabupaten Karanganyar, Jawa Tengah 57711","{""Friday"":[""8.00 am–1.00 am""],""Monday"":[""8.00 am–1.00 am""],""Saturday"":[""8.00 am–1.00 am""],""Sunday"":[""Closed""],""Thursday"":[""8.00 am–1.00 am""],""Tuesday"":[""8.00 am–1.00 am""],""Wednesday"":[""8.00 am–1.00 am""]}","{""Friday"":{""0"":38,""10"":38,""11"":38,""12"":36,""13"":40,""14"":36,""15"":38,""16"":36,""17"":50,""18"":65,""19"":86,""20"":77,""21"":75,""22"":61,""23"":52,""6"":0,""7"":0,""8"":34,""9"":43},""Monday"":{""0"":54,""10"":22,""11"":29,""12"":36,""13"":43,""14"":36,""15"":50,""16"":45,""17"":52,""18"":47,""19"":56,""20"":72,""21"":97,""22"":100,""23"":93,""6"":0,""7"":0,""8"":22,""9"":25},""Saturday"":{""0"":52,""10"":47,""11"":54,""12"":50,""13"":50,""14"":47,""15"":56,""16"":70,""17"":75,""18"":72,""19"":68,""20"":70,""21"":70,""22"":70,""23"":61,""6"":0,""7"":0,""8"":29,""9"":34},""Sunday"":{},""Thursday"":{""0"":52,""10"":47,""11"":50,""12"":36,""13"":31,""14"":22,""15"":29,""16"":40,""17"":61,""18"":77,""19"":81,""20"":72,""21"":75,""22"":79,""23"":68,""6"":0,""7"":0,""8"":43,""9"":43},""Tuesday"":{""0"":56,""10"":43,""11"":38,""12"":38,""13"":38,""14"":38,""15"":38,""16"":52,""17"":56,""18"":68,""19"":59,""20"":52,""21"":59,""22"":70,""23"":68,""6"":0,""7"":0,""8"":34,""9"":38},""Wednesday"":{""0"":40,""10"":38,""11"":43,""12"":45,""13"":52,""14"":54,""15"":45,""16"":36,""17"":34,""18"":40,""19"":54,""20"":72,""21"":70,""22"":72,""23"":65,""6"":0,""7"":0,""8"":29,""9"":34}}",https://s.id/nalamedia,0813-9872-7722,,,20,4.500000,"{""1"":2,""2"":0,""3"":1,""4"":1,""5"":16}",-7.595439,110.949490
https://www.google.com/maps/place/Sablon+Kaos+Karanganyar+-+Growink+Sablon/data=!4m7!3m6!1s0x2e798bd1624acf2d:0x5fee01fd77025a70!8m2!3d-7.6012745!4d111.1150577!16s%2Fg%2F11ltdc9l12!19sChIJLc9KYtGLeS4RcFoCd_0B7l8?authuser=0&hl=en&rclk=1,Desain Grafis,Sablon Kaos Karanganyar - Growink Sablon,Design agency,"Kayumas, RT.01/RW.05, Kemuning, Kec. Ngargoyoso, Kabupaten Karanganyar, Jawa Tengah 57792","{""Friday"":[""Open 24 hours""],""Monday"":[""Open 24 hours""],""Saturday"":[""Open 24 hours""],""Sunday"":[""Closed""],""Thursday"":[""Open 24 hours""],""Tuesday"":[""Open 24 hours""],""Wednesday"":[""Open 24 hours""]}","{""Friday"":{""0"":37,""1"":37,""10"":37,""11"":43,""12"":75,""13"":75,""14"":62,""15"":43,""16"":50,""17"":56,""18"":75,""19"":56,""2"":50,""20"":50,""21"":25,""22"":31,""23"":37,""3"":43,""4"":43,""5"":62,""6"":56,""7"":37,""8"":25,""9"":25},""Monday"":{""0"":37,""1"":43,""10"":37,""11"":31,""12"":43,""13"":68,""14"":81,""15"":62,""16"":56,""17"":50,""18"":37,""19"":25,""2"":37,""20"":25,""21"":37,""22"":31,""23"":31,""3"":25,""4"":50,""5"":62,""6"":56,""7"":68,""8"":43,""9"":50},""Saturday"":{""0"":50,""1"":37,""10"":37,""11"":62,""12"":68,""13"":62,""14"":75,""15"":68,""16"":75,""17"":62,""18"":43,""19"":25,""2"":31,""20"":31,""21"":43,""22"":50,""23"":56,""3"":31,""4"":43,""5"":43,""6"":31,""7"":31,""8"":31,""9"":37},""Sunday"":{},""Thursday"":{""0"":68,""1"":81,""10"":43,""11"":50,""12"":56,""13"":37,""14"":43,""15"":56,""16"":87,""17"":81,""18"":68,""19"":50,""2"":93,""20"":37,""21"":31,""22"":37,""23"":37,""3"":93,""4"":68,""5"":75,""6"":75,""7"":43,""8"":37,""9"":43},""Tuesday"":{""0"":37,""1"":43,""10"":75,""11"":68,""12"":56,""13"":37,""14"":43,""15"":37,""16"":43,""17"":43,""18"":56,""19"":56,""2"":31,""20"":50,""21"":56,""22"":43,""23"":37,""3"":37,""4"":75,""5"":81,""6"":68,""7"":50,""8"":50,""9"":50},""Wednesday"":{""0"":43,""1"":62,""10"":37,""11"":37,""12"":25,""13"":25,""14"":31,""15"":37,""16"":43,""17"":50,""18"":31,""19"":37,""2"":68,""20"":37,""21"":62,""22"":50,""23"":75,""3"":75,""4"":100,""5"":75,""6"":93,""7"":81,""8"":68,""9"":43}}",https://linktr.ee/Growink_Sablon,0877-5275-2404,,"94X8+F2 Kemuning, Karanganyar Regency, Central Java",24,5.000000,"{""1"":0,""2"":0,""3"":0,""4"":0,""5"":24}",-7.601274,111.115058
https://www.google.com/maps/place/urus.inbusiness/data=!4m7!3m6!1s0x2e7a119311b83c9b:0xfd57e5c52e6f5599!8m2!3d-7.4728863!4d110.8246744!16s%2Fg%2F11q3z8p0tz!19sChIJmzy4EZMRei4RmVVvLsXlV_0?authuser=0&hl=en&rclk=1,Desain Grafis,urus.inbusiness,Design agency,"Tegalsari RT 04/06, Wonorejo Lor, Tuban, Kec. Gondangrejo, Kabupaten Karanganyar, Jawa Tengah 57773","{""Friday"":[""8.00 am–4.00 pm""],""Monday"":[""8.00 am–4.00 pm""],""Saturday"":[""8.00 am–4.00 pm""],""Sunday"":[""Closed""],""Thursday"":[""8.00 am–4.00 pm""],""Tuesday"":[""8.00 am–4.00 pm""],""Wednesday"":[""8.00 am–4.00 pm""]}",{},http://bit.ly/3CRU6sT,0857-4275-9124,,"GRGF+RV Tuban, Karanganyar Regency, Central Java",0,0.000000,"{""1"":0,""2"":0,""3"":0,""4"":0,""5"":0}",-7.472886,110.824674
https://www.google.com/maps/place/Raihan+Graphic+Design/data=!4m7!3m6!1s0x2e7a15bd8538680f:0x75f363e9b3efe6d8!8m2!3d-7.5604676!4d110.7416951!16s%2Fg%2F11gfcyjymd!19sChIJD2g4hb0Vei4R2Obvs-lj83U?authuser=0&hl=en&rclk=1,Desain Grafis,Raihan Graphic Design,Invitation printing service,"Gg. Mawar Gowongan RT.03/03, Dusun IV, Pucangan, Kec. Kartasura, Kabupaten Sukoharjo, Jawa Tengah 57168","{""Friday"":[""7.00 am–11.00 pm""],""Monday"":[""7.00 am–11.00 pm""],""Saturday"":[""7.00 am–11.00 pm""],""Sunday"":[""9.00 am–11.00 pm""],""Thursday"":[""7.00 am–11.00 pm""],""Tuesday"":[""7.00 am–11.00 pm""],""Wednesday"":[""7.00 am–11.00 pm""]}","{""Friday"":{""10"":58,""11"":45,""12"":37,""13"":45,""14"":45,""15"":45,""16"":37,""17"":29,""18"":29,""19"":37,""20"":50,""21"":62,""22"":62,""23"":0,""6"":0,""7"":33,""8"":37,""9"":54},""Monday"":{""10"":50,""11"":50,""12"":50,""13"":45,""14"":45,""15"":33,""16"":37,""17"":41,""18"":45,""19"":50,""20"":54,""21"":58,""22"":66,""23"":0,""6"":0,""7"":45,""8"":50,""9"":41},""Saturday"":{""10"":33,""11"":37,""12"":41,""13"":41,""14"":33,""15"":29,""16"":33,""17"":41,""18"":45,""19"":50,""20"":41,""21"":37,""22"":37,""23"":0,""6"":0,""7"":25,""8"":25,""9"":29},""Sunday"":{""10"":45,""11"":41,""12"":41,""13"":45,""14"":33,""15"":33,""16"":41,""17"":50,""18"":50,""19"":41,""20"":37,""21"":41,""22"":50,""23"":0,""6"":0,""7"":0,""8"":0,""9"":50},""Thursday"":{""10"":41,""11"":37,""12"":33,""13"":33,""14"":29,""15"":29,""16"":37,""17"":45,""18"":66,""19"":83,""20"":70,""21"":79,""22"":54,""23"":0,""6"":0,""7"":41,""8"":37,""9"":41},""Tuesday"":{""10"":25,""11"":29,""12"":41,""13"":37,""14"":33,""15"":16,""16"":20,""17"":25,""18"":45,""19"":50,""20"":75,""21"":100,""22"":91,""23"":0,""6"":0,""7"":25,""8"":16,""9"":12},""Wednesday"":{""10"":29,""11"":29,""12"":41,""13"":45,""14"":45,""15"":54,""16"":54,""17"":50,""18"":41,""19"":33,""20"":45,""21"":58,""22"":70,""23"":0,""6"":0,""7"":29,""8"":33,""9"":25}}",,0895-3474-37275,,"CPQR+RM Pucangan, Sukoharjo Regency, Central Java",3,4.300000,"{""1"":0,""2"":0,""3"":1,""4"":0,""5"":2}",-7.560468,110.741695
https://www.google.com/maps/place/Jasa+Desain+Grafis/data=!4m7!3m6!1s0x2e7a15a6073ba3af:0xa47998c53d5e5f04!8m2!3d-7.5556468!4d110.7392651!16s%2Fg%2F11j6yy11jp!19sChIJr6M7B6YVei4RBF9ePcWYeaQ?authuser=0&hl=en&rclk=1,Desain Grafis,Jasa Desain Grafis,Graphic designer,"Jl. Pagelaran No.63, Dusun II, Kartasura, Kec. Kartasura, Kabupaten Sukoharjo, Jawa Tengah 57169","{""Friday"":[""9.00 am–5.00 pm""],""Monday"":[""9.00 am–5.00 pm""],""Saturday"":[""9.00 am–12.00 pm""],""Sunday"":[""Closed""],""Thursday"":[""9.00 am–5.00 pm""],""Tuesday"":[""9.00 am–5.00 pm""],""Wednesday"":[""9.00 am–5.00 pm""]}",{},https://www.instagram.com/welldesign.id/,0896-0167-2696,,"CPVQ+PP Kartasura, Sukoharjo Regency, Central Java",2,5.000000,"{""1"":0,""2"":0,""3"":0,""4"":0,""5"":2}",-7.555647,110.739265
https://www.google.com/maps/place/Djari+Desain+Grafis/data=!4m7!3m6!1s0x2e7a1749ac182beb:0xd0a56ad92774b7d!8m2!3d-7.5428674!4d110.8432967!16s%2Fg%2F11jg1cpvm1!19sChIJ6ysYrEkXei4RfUt3kq1WCg0?authuser=0&hl=en&rclk=1,Desain Grafis,Djari Desain Grafis,Print shop,"Mojosongo, Kec. Jebres, Kota Surakarta, Jawa Tengah 57127","{""Friday"":[""8.30 am–4.30 pm""],""Monday"":[""8.30 am–4.30 pm""],""Saturday"":[""8.30 am–3.30 pm""],""Sunday"":[""Closed""],""Thursday"":[""8.30 am–4.30 pm""],""Tuesday"":[""8.30 am–4.30 pm""],""Wednesday"":[""8.30 am–4.30 pm""]}",{},,0878-3380-6966,,"FR4V+V8 Mojosongo, Surakarta City, Central Java",1,5.000000,"{""1"":0,""2"":0,""3"":0,""4"":0,""5"":1}",-7.542867,110.843297
https://www.google.com/maps/place/Sekolah+Desain.id/data=!4m7!3m6!1s0x2e7a177a6ae43069:0x80f7f697fb7ae01d!8m2!3d-7.6006585!4d110.8181179!16s%2Fg%2F11hxmnqswb!19sChIJaTDkanoXei4RHeB6-5f294A?authuser=0&hl=en&rclk=1,Desain Grafis,Sekolah Desain.id,Design institute,"Dusun II, Madegondo, Grogol, Sukoharjo Regency, Central Java 57552","{""Friday"":[""8.00 am–4.00 pm""],""Monday"":[""8.00 am–4.00 pm""],""Saturday"":[""8.00 am–2.00 pm""],""Sunday"":[""Closed""],""Thursday"":[""8.00 am–4.00 pm""],""Tuesday"":[""8.00 am–4.00 pm""],""Wednesday"":[""8.00 am–4.00 pm""]}",{},http://www.sekolahdesain.id/,0851-5542-1080,,"9RX9+P6 Madegondo, Sukoharjo Regency, Central Java",10,5.000000,"{""1"":0,""2"":0,""3"":0,""4"":0,""5"":10}",-7.600658,110.818118
https://www.google.com/maps/place/Percetakan+Seni+Kreatif/data=!4m7!3m6!1s0x2e7a19743598e805:0x7e17d228f595b7ed!8m2!3d-7.5767501!4d110.9107169!16s%2Fg%2F11v60sh7d9!19sChIJBeiYNXQZei4R7beV9SjSF34?authuser=0&hl=en&rclk=1,Desain Grafis,Percetakan Seni Kreatif,Print shop,"Ngamban, RT.01/Rw06, Karang Dowo, Buran, Kec. Tasikmadu, Kabupaten Karanganyar, Jawa Tengah 57761","{""Friday"":[""8.00 am–4.00 pm""],""Monday"":[""8.00 am–4.00 pm""],""Saturday"":[""8.00 am–4.00 pm""],""Sunday"":[""8.00 am–4.00 pm""],""Thursday"":[""8.00 am–4.00 pm""],""Tuesday"":[""8.00 am–4.00 pm""],""Wednesday"":[""8.00 am–4.00 pm""]}",{},,0858-6763-2540,,"CWF6+77 Buran, Karanganyar Regency, Central Java",0,0.000000,"{""1"":0,""2"":0,""3"":0,""4"":0,""5"":0}",-7.576750,110.910717
https://www.google.com/maps/place/jeki+digital+printing/data=!4m7!3m6!1s0x2e7a195a237946f5:0x98aa1cd1a4837291!8m2!3d-7.5982829!4d110.953941!16s%2Fg%2F11t40n5_fd!19sChIJ9UZ5I1oZei4RkXKDpNEcqpg?authuser=0&hl=en&rclk=1,Desain Grafis,jeki digital printing,Print shop,"Jalan Lawu 95, Depan SMP No.N, RW.2, Bejen, Kec. Karanganyar, Kabupaten Karanganyar, Jawa Tengah 57716","{""Friday"":[""Open 24 hours""],""Monday"":[""Open 24 hours""],""Saturday"":[""Open 24 hours""],""Sunday"":[""Open 24 hours""],""Thursday"":[""Open 24 hours""],""Tuesday"":[""Open 24 hours""],""Wednesday"":[""Open 24 hours""]}","{""Friday"":{""0"":53,""1"":60,""10"":60,""11"":60,""12"":60,""13"":53,""14"":33,""15"":33,""16"":33,""17"":53,""18"":80,""19"":93,""2"":46,""20"":100,""21"":100,""22"":73,""23"":80,""3"":60,""4"":46,""5"":53,""6"":66,""7"":86,""8"":73,""9"":73},""Monday"":{""0"":60,""1"":46,""10"":26,""11"":26,""12"":20,""13"":13,""14"":26,""15"":40,""16"":53,""17"":46,""18"":40,""19"":26,""2"":46,""20"":26,""21"":33,""22"":60,""23"":46,""3"":53,""4"":46,""5"":46,""6"":60,""7"":46,""8"":40,""9"":40},""Saturday"":{""0"":33,""1"":33,""10"":66,""11"":66,""12"":60,""13"":53,""14"":53,""15"":46,""16"":73,""17"":66,""18"":46,""19"":33,""2"":20,""20"":26,""21"":33,""22"":26,""23"":33,""3"":26,""4"":26,""5"":33,""6"":46,""7"":66,""8"":86,""9"":86},""Sunday"":{""0"":53,""1"":66,""10"":26,""11"":26,""12"":53,""13"":53,""14"":33,""15"":20,""16"":20,""17"":26,""18"":33,""19"":46,""2"":46,""20"":53,""21"":66,""22"":46,""23"":60,""3"":46,""4"":33,""5"":40,""6"":40,""7"":46,""8"":40,""9"":26},""Thursday"":{""0"":46,""1"":46,""10"":80,""11"":40,""12"":33,""13"":40,""14"":53,""15"":80,""16"":73,""17"":73,""18"":80,""19"":73,""2"":40,""20"":80,""21"":53,""22"":46,""23"":53,""3"":40,""4"":40,""5"":40,""6"":60,""7"":73,""8"":100,""9"":93},""Tuesday"":{""0"":86,""1"":66,""10"":53,""11"":33,""12"":40,""13"":26,""14"":33,""15"":40,""16"":40,""17"":40,""18"":13,""19"":13,""2"":53,""20"":20,""21"":46,""22"":46,""23"":66,""3"":40,""4"":33,""5"":20,""6"":20,""7"":26,""8"":46,""9"":46},""Wednesday"":{""0"":40,""1"":53,""10"":20,""11"":46,""12"":33,""13"":40,""14"":33,""15"":66,""16"":66,""17"":86,""18"":53,""19"":53,""2"":53,""20"":46,""21"":40,""22"":33,""23"":40,""3"":60,""4"":40,""5"":46,""6"":26,""7"":26,""8"":13,""9"":13}}",,,,"CX23+MH Bejen, Karanganyar Regency, Central Java",0,0.000000,"{""1"":0,""2"":0,""3"":0,""4"":0,""5"":0}",-7.598283,110.953941
https://www.google.com/maps/place/RUMAH+RYON+RAVI+KOSASI/data=!4m7!3m6!1s0x2e7a17b728a5cfb5:0x164729cd4520c75!8m2!3d-7.560956!4d110.8626825!16s%2Fg%2F11fm6k120r!19sChIJtc-lKLcXei4RdQxS1JxyZAE?authuser=0&hl=en&rclk=1,Desain Grafis,RUMAH RYON RAVI KOSASI,Design agency,"JALAN MEDIASI, Jurug, Ngringo, Jaten, Karanganyar Regency, Central Java 57731","{""Friday"":[""6.00 am–12.00 am""],""Monday"":[""6.00 pm–12.00 am""],""Saturday"":[""6.00 am–12.00 am""],""Sunday"":[""Closed""],""Thursday"":[""6.00 am–12.00 am""],""Tuesday"":[""6.00 am–12.00 am""],""Wednesday"":[""6.00 am–12.00 am""]}","{""Friday"":{""10"":38,""11"":38,""12"":38,""13"":55,""14"":61,""15"":55,""16"":55,""17"":50,""18"":61,""19"":55,""20"":66,""21"":55,""22"":55,""23"":50,""5"":0,""6"":33,""7"":44,""8"":50,""9"":38},""Monday"":{""10"":0,""11"":0,""12"":0,""13"":0,""14"":0,""15"":0,""16"":0,""17"":0,""18"":88,""19"":100,""20"":94,""21"":77,""22"":77,""23"":83,""6"":0,""7"":0,""8"":0,""9"":0},""Saturday"":{""10"":27,""11"":33,""12"":50,""13"":44,""14"":38,""15"":38,""16"":61,""17"":94,""18"":94,""19"":94,""20"":83,""21"":66,""22"":44,""23"":33,""5"":0,""6"":11,""7"":11,""8"":11,""9"":16},""Sunday"":{},""Thursday"":{""10"":72,""11"":72,""12"":72,""13"":50,""14"":44,""15"":55,""16"":61,""17"":55,""18"":50,""19"":66,""20"":88,""21"":100,""22"":94,""23"":61,""5"":0,""6"":66,""7"":55,""8"":66,""9"":61},""Tuesday"":{""10"":33,""11"":50,""12"":50,""13"":77,""14"":77,""15"":83,""16"":77,""17"":55,""18"":38,""19"":27,""20"":33,""21"":33,""22"":27,""23"":33,""5"":0,""6"":72,""7"":66,""8"":50,""9"":38},""Wednesday"":{""10"":33,""11"":33,""12"":38,""13"":44,""14"":38,""15"":44,""16"":61,""17"":77,""18"":83,""19"":77,""20"":50,""21"":44,""22"":50,""23"":77,""5"":0,""6"":16,""7"":16,""8"":22,""9"":22}}",,0896-1143-7796,,"CVQ7+J3 Ngringo, Karanganyar Regency, Central Java",0,0.000000,"{""1"":0,""2"":0,""3"":0,""4"":0,""5"":0}",-7.560956,110.862682
https://www.google.com/maps/place/Desain+Grafis/data=!4m7!3m6!1s0x2e7a1fae2d281a15:0x3bff412a20ca2f1b!8m2!3d-7.5972207!4d111.0072931!16s%2Fg%2F11mn0pprjv!19sChIJFRooLa4fei4RGy_KICpB_zs?authuser=0&hl=en&rclk=1,Desain Grafis,Desain Grafis,Design agency,"C234+4W7 Desain Grafis, Sanggrahan, RT.02/RW.03, Ngernak, Delingan, Kec. Karanganyar, Kabupaten Karanganyar, Jawa Tengah 57716",{},{},,,,,0,0.000000,"{""1"":0,""2"":0,""3"":0,""4"":0,""5"":0}",-7.597221,111.007293